stdntid,schid,score,small,classtype
10133,169280,905,,3
10246,218562,944,,3
10263,205492,996,1,1
10266,257899,969,0,2
10275,161176,879,,3
10281,189382,916,1,1
10282,189382,897,,3
10285,201449,983,1,1
10286,230612,1008,0,2
10287,128068,912,,3
10289,262937,1171,,3
10290,169219,862,0,2
10291,169229,861,,3
10292,205491,1000,,3
10295,161176,900,1,1
10299,168211,934,0,2
10300,173312,1044,,3
10302,234628,1036,,3
10303,244831,857,0,2
10308,189382,1043,1,1
10311,253888,795,,3
10312,244755,855,0,2
10313,218562,1049,1,1
10316,262937,1079,1,1
10319,244801,989,,3
10321,189396,927,0,2
10322,212522,862,,3
10323,253888,868,,3
10326,205491,872,,3
10329,262937,1071,0,2
10330,262937,979,,3
10331,221571,881,0,2
10332,205489,822,,3
10333,205491,842,,3
10334,218562,989,1,1
10379,162184,931,1,1
10381,244736,880,,3
10383,244818,887,1,1
10384,244736,1008,,3
10386,244736,817,,3
10391,244796,855,1,1
10395,162184,913,1,1
10396,244796,917,1,1
10424,244806,914,1,1
10425,159171,956,,3
10432,169229,1020,1,1
10433,162184,857,1,1
10434,244723,799,,3
10473,244723,877,,3
10481,215533,922,1,1
10485,169229,848,,3
10486,169229,957,0,2
10489,244723,848,1,1
10491,244806,1021,,3
10541,244755,831,,3
10726,244796,884,1,1
10763,169229,886,0,2
10764,169280,997,0,2
10766,180344,868,,3
10767,201449,998,,3
10783,257905,942,0,2
10803,215533,811,0,2
10817,244755,879,0,2
10825,244818,856,1,1
10857,201449,853,,3
10899,193422,902,,3
10935,169229,924,0,2
10960,112038,834,,3
10961,112038,880,,3
10964,128068,861,0,2
10969,166203,832,0,2
10975,112038,837,0,2
10984,189378,895,,3
10986,128079,840,,3
10987,205488,887,0,2
10998,221571,782,,3
11004,215533,787,,3
11005,244839,1052,0,2
11007,257899,920,,3
11013,228606,881,,3
11018,225585,921,0,2
11025,189382,868,,3
11040,244764,881,,3
11046,112038,834,,3
11049,257905,852,,3
11050,128079,964,,3
11051,128068,937,,3
11052,225585,892,,3
11057,244776,904,0,2
11058,244745,989,0,2
11059,244736,925,1,1
11066,128079,858,0,2
11069,244774,867,0,2
11077,169229,975,0,2
11078,169229,837,0,2
11086,244697,937,,3
11089,201449,917,,3
11090,244697,843,1,1
11094,244801,942,1,1
11099,191411,863,0,2
11106,244780,999,0,2
11117,208501,880,,3
11124,215533,943,0,2
11128,201449,832,,3
11131,205492,857,1,1
11140,244745,1058,,3
11144,218562,904,,3
11150,128076,892,,3
11151,203452,1020,0,2
11152,205490,858,1,1
11156,205488,877,0,2
11157,252885,998,0,2
11160,244755,1060,1,1
11162,257899,834,0,2
11170,112038,878,,3
11171,112038,857,0,2
11176,128068,908,0,2
11177,205490,927,0,2
11178,205490,896,,3
11179,244776,918,,3
11184,234628,895,0,2
11187,205492,920,1,1
11193,205492,909,0,2
11197,205488,1034,0,2
11198,244755,883,0,2
11200,205491,850,0,2
11202,205490,849,,3
11203,205492,991,1,1
11206,203452,1062,0,2
11208,161183,981,,3
11210,128079,1080,1,1
11211,161183,949,0,2
11212,205488,1054,1,1
11213,205490,821,0,2
11214,203452,888,,3
11216,205492,962,0,2
11217,180344,894,,3
11219,205491,860,,3
11220,161176,826,0,2
11228,128068,891,1,1
11234,231616,962,1,1
11236,244806,891,,3
11255,205491,947,1,1
11261,209510,819,1,1
11267,193423,962,1,1
11275,221571,800,,3
11285,244818,860,0,2
11287,244801,811,1,1
11291,169229,897,,3
11292,244708,886,0,2
11294,244723,783,0,2
11300,244780,1044,1,1
11303,168211,896,,3
11305,252885,1012,1,1
11308,244774,829,0,2
11311,112038,867,1,1
11315,244727,851,,3
11321,164198,819,0,2
11323,234628,922,0,2
11324,168211,847,1,1
11328,169229,926,,3
11332,244745,923,1,1
11334,244780,1025,,3
11346,244776,873,1,1
11352,189382,895,,3
11354,244776,896,0,2
11363,244801,927,,3
11365,205490,829,0,2
11368,208501,844,1,1
11369,193423,963,1,1
11379,244801,969,0,2
11382,228606,900,1,1
11388,244727,927,0,2
11389,244796,960,1,1
11390,244736,884,0,2
11391,244776,927,1,1
11392,244818,917,0,2
11393,244746,999,1,1
11394,244774,892,1,1
11397,244727,986,1,1
11398,244697,853,,3
11400,244727,921,,3
11401,244755,1079,1,1
11402,244774,976,,3
11403,244806,933,0,2
11404,244697,901,,3
11405,244697,899,,3
11406,244755,883,,3
11407,244755,895,,3
11408,244746,886,,3
11410,244755,940,1,1
11411,244708,875,,3
11412,244818,985,1,1
11413,244839,970,0,2
11414,244708,817,0,2
11415,244697,882,1,1
11417,244697,869,,3
11418,244806,939,0,2
11419,244801,943,0,2
11420,244796,854,1,1
11421,244839,1092,0,2
11422,244708,793,0,2
11423,244697,896,1,1
11424,244697,855,,3
11425,244697,898,,3
11426,244746,864,1,1
11428,244796,919,0,2
11430,244799,939,1,1
11432,244806,893,1,1
11433,244796,887,0,2
11436,244806,955,,3
11437,244755,934,0,2
11438,244697,943,,3
11439,244708,948,1,1
11440,244799,890,1,1
11441,244723,829,,3
11442,244746,1003,0,2
11443,244697,857,0,2
11444,244801,932,1,1
11445,244755,936,,3
11447,244745,995,0,2
11449,168214,962,,3
11451,244818,867,,3
11452,244839,1082,0,2
11453,244801,976,,3
11454,244745,929,,3
11455,244776,952,0,2
11457,244776,987,,3
11458,244801,945,1,1
11459,244736,975,1,1
11464,244746,906,,3
11467,244708,779,0,2
11470,257899,889,1,1
11471,244774,1041,1,1
11473,244818,884,0,2
11475,244723,873,,3
11476,244796,862,1,1
11477,244727,933,,3
11478,244723,863,,3
11479,244746,831,0,2
11480,244774,1006,,3
11481,244776,848,,3
11482,112038,831,1,1
11484,244780,1072,0,2
11487,244796,953,1,1
11489,244723,879,,3
11490,128076,860,,3
11491,244728,897,0,2
11492,244776,952,,3
11493,244708,858,0,2
11494,244774,829,,3
11495,244708,860,0,2
11496,244697,915,1,1
11497,244708,742,0,2
11499,161176,863,0,2
11501,244755,1076,0,2
11503,244780,1091,1,1
11504,244727,989,1,1
11505,244708,850,1,1
11506,123056,903,0,2
11508,168214,939,0,2
11513,244745,928,,3
11514,244806,1026,0,2
11515,244697,820,,3
11516,244776,849,1,1
11517,193422,897,0,2
11519,244818,872,,3
11520,244799,898,0,2
11521,244727,1004,1,1
11526,244799,923,,3
11527,244799,899,0,2
11530,244839,986,0,2
11536,169219,891,1,1
11537,201449,980,,3
11539,112038,841,1,1
11540,180344,861,1,1
11544,244796,906,1,1
11545,189378,881,1,1
11557,215533,878,1,1
11559,216536,865,0,2
11561,159171,956,0,2
11567,244745,940,0,2
11573,257899,898,,3
11576,189382,829,1,1
11577,130085,898,0,2
11587,264945,847,0,2
11589,201449,870,1,1
11591,264945,928,1,1
11595,165199,1066,,3
11607,218562,1031,0,2
11613,203452,835,1,1
11616,205491,888,1,1
11617,189382,823,0,2
11620,208501,805,0,2
11628,215533,884,0,2
11630,215533,928,0,2
11633,221574,887,1,1
11634,228606,1105,1,1
11637,244708,913,0,2
11639,112038,831,0,2
11640,228606,992,,3
11646,216536,896,0,2
11647,253888,855,1,1
11649,257899,881,0,2
11651,228606,983,1,1
11656,112038,844,,3
11659,128068,873,0,2
11664,166203,868,1,1
11666,165199,877,,3
11669,234628,867,1,1
11670,168211,783,1,1
11672,168214,959,0,2
11674,259915,987,,3
11678,264945,1061,,3
11681,262937,1017,1,1
11698,193423,986,1,1
11701,221571,802,,3
11703,209510,884,,3
11704,221571,814,1,1
11705,225585,975,0,2
11707,228606,984,0,2
11708,234628,847,,3
11711,168211,862,1,1
11712,244745,892,,3
11722,112038,870,,3
11725,128079,900,,3
11733,123056,857,1,1
11734,169231,920,,3
11737,166203,902,0,2
11739,169229,836,0,2
11742,169229,924,0,2
11744,169229,904,,3
11750,189378,839,1,1
11755,205489,1100,,3
11756,205491,884,,3
11763,215533,839,,3
11769,221574,833,,3
11784,193422,974,0,2
11787,168211,911,0,2
11793,128076,812,0,2
11795,164198,967,,3
11797,166203,848,1,1
11798,166203,854,1,1
11815,216536,925,1,1
11817,169219,1012,,3
11820,221574,887,1,1
11829,203452,1156,0,2
11831,189382,950,0,2
11832,205491,938,,3
11833,201449,812,0,2
11838,205491,871,0,2
11843,203452,864,1,1
11856,215533,1051,0,2
11862,193423,869,0,2
11865,193422,1042,1,1
11869,221571,836,1,1
11870,209510,919,1,1
11871,221571,804,0,2
11875,228606,905,0,2
11876,162184,918,1,1
11881,208503,818,1,1
11882,193422,906,1,1
11883,244799,888,,3
11886,244776,981,1,1
11891,257899,945,0,2
11892,257899,897,1,1
11894,257899,944,0,2
11895,257905,1017,,3
11899,221574,896,0,2
11901,221574,887,,3
11902,166203,893,0,2
11907,130085,1085,1,1
11910,164198,837,0,2
11913,209510,992,,3
11914,164198,1046,1,1
11916,165199,990,,3
11917,164198,870,0,2
11919,165199,1052,1,1
11920,165199,1010,1,1
11921,166203,870,0,2
11926,169219,1018,,3
11927,262937,1099,1,1
11934,169219,1055,1,1
11937,169229,1024,0,2
11938,169231,813,1,1
11939,244839,976,1,1
11940,264945,996,1,1
11944,169229,899,,3
11946,221574,945,,3
11948,169219,996,,3
11949,216536,939,0,2
11952,201449,965,,3
11956,169280,924,,3
11957,169229,903,1,1
11959,201449,928,,3
11961,180344,981,1,1
11962,203452,844,0,2
11964,189382,917,,3
11965,189378,802,1,1
11967,218562,908,1,1
11970,189396,820,1,1
11973,201449,854,0,2
11974,201449,1007,1,1
11976,205488,905,0,2
11977,205489,853,,3
11979,128076,957,1,1
11980,205491,910,,3
11987,193423,805,1,1
11988,215533,1039,,3
11989,215533,925,0,2
11990,215533,923,,3
11991,193422,884,1,1
11992,259915,910,1,1
11995,193422,942,,3
11998,259915,958,0,2
11999,215533,991,,3
12000,159171,945,0,2
12001,170295,884,1,1
12002,215533,823,1,1
12003,159171,868,,3
12005,209510,852,,3
12007,221571,881,,3
12008,221571,910,0,2
12010,209510,829,,3
12013,225585,895,,3
12014,228606,950,1,1
12015,228606,971,,3
12016,231616,961,0,2
12023,180344,886,,3
12024,244776,837,,3
12028,244727,957,1,1
12036,130085,1041,1,1
12038,216536,849,0,2
12040,252885,820,,3
12045,257905,891,0,2
12046,253888,922,0,2
12047,257905,1081,0,2
12048,257905,837,1,1
12050,180344,909,0,2
12051,261927,932,0,2
12055,112038,882,0,2
12056,261927,985,,3
12057,130085,830,1,1
12060,128068,881,0,2
12062,161183,1012,0,2
12063,161176,851,,3
12066,168214,963,,3
12067,123056,943,0,2
12068,168214,984,,3
12069,168214,881,0,2
12070,168211,970,,3
12072,168211,902,,3
12073,168211,898,,3
12079,168211,978,1,1
12081,261927,908,0,2
12085,169229,921,,3
12087,234628,1036,1,1
12091,130085,877,1,1
12092,261927,1063,1,1
12093,262937,950,1,1
12094,169229,906,,3
12097,201449,1016,1,1
12099,262937,1043,1,1
12104,169229,976,0,2
12107,261927,989,0,2
12108,221574,873,1,1
12114,262937,1038,,3
12117,259915,953,0,2
12124,257899,831,0,2
12125,216536,1019,,3
12126,208503,943,1,1
12127,259915,918,,3
12128,259915,930,0,2
12130,189378,937,0,2
12135,189378,942,1,1
12136,191411,852,,3
12137,203452,961,1,1
12138,212522,891,,3
12141,205489,907,0,2
12142,205489,963,0,2
12144,218562,1010,0,2
12145,212522,902,1,1
12147,128068,873,,3
12149,205491,1010,0,2
12154,208501,912,0,2
12156,180344,975,1,1
12159,215533,870,,3
12161,221574,903,,3
12165,225585,878,0,2
12167,228606,900,0,2
12168,228606,851,1,1
12169,228606,989,,3
12170,228606,1070,1,1
12171,228606,902,0,2
12172,162184,889,1,1
12176,162184,881,1,1
12178,234628,973,,3
12179,165199,1073,1,1
12180,165199,1056,,3
12184,193423,899,1,1
12185,165199,1042,0,2
12186,244818,871,,3
12187,244818,881,1,1
12188,216536,1065,,3
12191,252885,847,,3
12192,169229,1074,1,1
12193,252885,925,0,2
12195,252885,972,,3
12198,253888,946,1,1
12199,257899,869,0,2
12202,259915,930,0,2
12203,259915,870,,3
12204,244839,1066,0,2
12205,261927,1003,,3
12206,221574,991,1,1
12207,205490,729,,3
12208,234628,907,0,2
12211,112038,810,1,1
12213,128068,924,,3
12214,130085,909,,3
12215,128076,937,,3
12216,128076,884,,3
12217,128076,847,,3
12218,130085,861,,3
12219,128068,884,,3
12220,128068,859,,3
12221,130085,905,0,2
12223,128076,912,,3
12226,257899,900,0,2
12227,161183,997,1,1
12228,161176,929,0,2
12229,161183,936,1,1
12232,166203,847,1,1
12233,164198,989,1,1
12234,166203,902,1,1
12235,164198,948,1,1
12236,165199,887,,3
12237,166203,921,1,1
12239,165199,1062,0,2
12240,166203,889,1,1
12241,168211,889,0,2
12242,168214,978,1,1
12243,168211,877,,3
12244,264945,1027,1,1
12245,169229,963,,3
12246,169280,763,1,1
12247,169280,978,,3
12249,169280,1027,,3
12250,169229,1074,1,1
12252,264945,1003,,3
12253,169280,858,0,2
12254,264945,931,,3
12256,201449,1062,1,1
12257,169229,978,,3
12258,169229,899,,3
12260,264945,970,0,2
12261,257899,941,,3
12262,264945,961,,3
12264,262937,1037,0,2
12265,169231,895,1,1
12267,169229,1108,,3
12268,264945,989,1,1
12269,169229,987,1,1
12271,201449,1083,1,1
12272,169280,1038,0,2
12273,264945,1010,,3
12274,262937,981,,3
12275,169219,971,,3
12276,169219,994,,3
12281,261927,917,,3
12282,201449,961,0,2
12283,201449,885,0,2
12286,201449,947,,3
12287,123056,895,1,1
12288,173312,1028,1,1
12289,173312,952,0,2
12290,173312,1024,0,2
12291,173312,1005,0,2
12292,209510,905,1,1
12295,244801,951,1,1
12296,231616,971,,3
12297,180344,887,,3
12298,180344,906,,3
12299,180344,886,1,1
12300,257899,947,0,2
12303,203452,950,1,1
12304,191411,949,0,2
12305,191411,950,1,1
12306,203452,984,0,2
12307,203457,1023,0,2
12308,191411,964,1,1
12312,189382,1090,1,1
12313,189382,1012,,3
12314,189396,1019,1,1
12316,189382,951,,3
12320,189396,950,0,2
12321,189382,854,0,2
12323,189378,969,1,1
12324,189382,950,0,2
12326,191411,890,0,2
12327,191411,863,0,2
12328,191411,866,,3
12330,170295,910,,3
12331,170295,891,,3
12332,159171,1004,0,2
12333,203452,951,,3
12334,201449,1008,,3
12335,201449,1008,,3
12336,201449,930,0,2
12337,201449,928,,3
12338,201449,888,0,2
12339,201449,996,1,1
12343,201449,898,,3
12345,203452,915,,3
12346,128068,1019,,3
12347,205491,1097,0,2
12348,205489,1191,,3
12349,205491,1013,1,1
12350,205492,932,1,1
12351,205488,848,,3
12352,205489,893,,3
12353,128076,903,0,2
12355,212522,912,,3
12356,212522,1014,,3
12357,205492,932,1,1
12358,212522,1016,0,2
12359,161176,918,0,2
12360,205488,1054,0,2
12361,212522,882,0,2
12362,212522,999,1,1
12363,205492,927,,3
12364,161176,1009,,3
12365,205491,1030,1,1
12366,130085,967,0,2
12367,203452,956,1,1
12368,212522,928,,3
12369,234628,1045,,3
12370,128068,994,1,1
12371,205491,785,1,1
12372,203452,742,0,2
12373,208501,816,1,1
12374,259915,898,1,1
12375,208503,910,1,1
12376,208501,877,,3
12377,208503,874,,3
12378,208503,905,0,2
12380,208501,917,0,2
12382,208501,969,0,2
12383,208503,876,,3
12385,209510,900,1,1
12386,230612,895,,3
12387,209510,968,,3
12388,221571,803,,3
12390,212522,924,1,1
12392,193423,940,,3
12393,215533,1109,0,2
12395,215533,963,,3
12396,215533,988,0,2
12397,215533,946,0,2
12398,193422,962,0,2
12399,193422,895,,3
12401,193423,966,,3
12402,215533,990,0,2
12403,193423,895,0,2
12405,215533,941,0,2
12407,215533,1044,,3
12409,159171,1046,1,1
12410,215533,1026,1,1
12411,215533,999,1,1
12412,230612,1071,0,2
12413,193423,1041,1,1
12414,159171,1008,1,1
12415,159171,1013,1,1
12416,193422,959,1,1
12417,159171,954,0,2
12418,193423,927,1,1
12419,215533,1100,0,2
12420,193423,1027,,3
12421,159171,947,0,2
12422,170295,1063,0,2
12423,159171,901,,3
12424,170295,967,0,2
12425,193422,1003,0,2
12426,159171,979,,3
12427,170295,897,1,1
12428,215533,1078,1,1
12429,215533,927,1,1
12431,215533,1042,0,2
12432,170295,1140,0,2
12433,170295,934,0,2
12434,221574,942,0,2
12436,221571,884,,3
12437,259915,922,0,2
12438,221571,822,0,2
12439,221571,814,0,2
12443,225585,997,,3
12444,228606,984,1,1
12445,173312,945,0,2
12447,228606,970,,3
12448,228606,905,0,2
12449,228606,949,,3
12450,162184,919,,3
12451,231616,964,1,1
12452,231616,914,,3
12453,193422,800,1,1
12454,230612,933,1,1
12455,261927,900,0,2
12457,261927,1060,,3
12459,261927,908,0,2
12460,261927,1180,0,2
12461,231616,923,0,2
12462,261927,1017,,3
12464,234628,989,,3
12465,221571,1042,1,1
12467,244776,912,1,1
12468,244755,939,,3
12469,244818,864,,3
12470,244776,891,0,2
12471,244806,1039,0,2
12472,244774,834,0,2
12473,244776,918,,3
12474,244780,921,0,2
12475,244736,954,,3
12476,244799,936,1,1
12477,244776,893,0,2
12478,244708,854,0,2
12479,244801,1001,,3
12480,244727,1003,,3
12482,244806,845,0,2
12483,244818,859,,3
12484,244736,1026,0,2
12485,244806,1003,,3
12486,244801,1059,,3
12487,244818,949,,3
12493,257899,1014,,3
12494,257899,952,0,2
12495,216536,909,1,1
12496,216536,1050,,3
12497,252885,1191,1,1
12498,216536,1043,0,2
12499,216536,964,0,2
12500,216536,974,0,2
12501,216536,975,0,2
12502,216536,881,0,2
12503,257899,889,1,1
12504,257899,872,1,1
12505,257899,918,,3
12506,257905,954,,3
12507,257905,1014,1,1
12508,257899,919,0,2
12509,257905,978,1,1
12510,257899,884,0,2
12512,257905,1042,1,1
12513,257905,988,0,2
12514,257905,831,,3
12515,253888,1021,1,1
12516,257905,790,1,1
12517,257905,777,,3
12519,257905,954,,3
12521,193423,917,0,2
12522,228606,895,0,2
12524,228606,866,0,2
12526,261927,1019,1,1
12527,261927,979,,3
12528,221574,1038,0,2
12529,221574,931,,3
12530,264945,872,,3
12531,252885,1046,1,1
12532,123056,834,0,2
12533,123056,927,,3
12534,130085,894,1,1
12535,130085,970,,3
12536,130085,890,1,1
12537,130085,973,0,2
12540,128079,902,1,1
12541,130085,888,,3
12542,128079,1094,1,1
12543,128068,994,0,2
12544,128079,841,0,2
12545,128076,931,,3
12546,128079,809,1,1
12547,128076,869,0,2
12548,128068,900,,3
12549,170295,909,1,1
12550,257905,944,1,1
12551,161183,993,,3
12552,161176,991,1,1
12553,165199,1124,0,2
12554,165199,1004,0,2
12555,165199,932,0,2
12556,165199,943,0,2
12558,166203,881,,3
12559,112038,861,0,2
12560,164198,915,0,2
12561,165199,883,1,1
12562,166203,932,1,1
12565,164198,853,0,2
12566,261927,975,,3
12567,166203,928,,3
12568,168214,1031,,3
12569,176329,1010,0,2
12570,168214,949,,3
12571,123056,906,1,1
12572,168214,1056,1,1
12574,168211,969,,3
12575,168211,890,0,2
12576,168211,881,0,2
12577,168211,903,1,1
12581,168211,1033,,3
12582,169231,859,0,2
12583,264945,969,,3
12584,264945,950,0,2
12585,216536,892,1,1
12588,262937,1116,0,2
12590,264945,917,,3
12592,169219,971,1,1
12593,216536,928,1,1
12594,230612,942,1,1
12597,216536,890,0,2
12598,201449,1062,0,2
12600,201449,950,0,2
12601,165199,1032,,3
12603,169229,871,0,2
12604,169231,891,,3
12607,230612,962,,3
12609,169229,1102,1,1
12610,262937,1124,0,2
12611,169229,980,0,2
12612,169229,926,0,2
12614,169229,941,0,2
12616,170295,1004,,3
12617,261927,896,,3
12618,201449,884,0,2
12619,201449,1026,1,1
12620,201449,899,0,2
12622,173312,1148,1,1
12623,173312,1099,,3
12624,173312,1104,,3
12625,173312,1120,,3
12626,173312,1069,1,1
12627,173312,1010,0,2
12629,173312,1105,0,2
12630,173312,864,,3
12632,168211,984,0,2
12633,123056,862,0,2
12634,180344,907,1,1
12636,257899,897,0,2
12638,203457,958,,3
12639,203452,799,0,2
12640,161183,964,,3
12642,203452,902,1,1
12643,191411,1156,,3
12644,234628,928,1,1
12646,218562,987,1,1
12647,234628,821,1,1
12649,189396,855,0,2
12650,259915,1139,,3
12653,123056,807,,3
12654,123056,872,0,2
12658,189378,931,,3
12659,169231,889,,3
12662,189396,894,,3
12664,189382,842,1,1
12665,191411,984,1,1
12667,170295,983,0,2
12668,215533,870,,3
12669,170295,808,1,1
12670,230612,1206,1,1
12671,201449,915,,3
12672,201449,1068,1,1
12673,201449,954,0,2
12675,201449,1002,,3
12676,162184,973,1,1
12677,203452,914,0,2
12678,203457,1059,0,2
12679,203452,939,1,1
12680,203452,919,0,2
12681,161183,1068,1,1
12682,161183,1068,,3
12683,128079,828,0,2
12684,212522,883,,3
12685,205488,947,,3
12686,205492,1007,1,1
12687,205491,866,1,1
12688,212522,919,0,2
12692,212522,922,,3
12695,205488,914,,3
12696,212522,916,,3
12697,205490,773,,3
12698,205492,847,,3
12699,205488,976,1,1
12702,208501,911,0,2
12703,209510,837,0,2
12704,208501,947,0,2
12705,208501,983,0,2
12706,209510,820,,3
12707,209510,908,,3
12709,221571,937,0,2
12712,212522,895,1,1
12713,212522,939,0,2
12714,193422,997,1,1
12715,215533,1087,,3
12716,193422,896,,3
12717,215533,921,,3
12718,193423,886,0,2
12719,215533,837,0,2
12720,193423,1034,0,2
12721,215533,1014,0,2
12722,230612,913,,3
12723,170295,966,,3
12724,170295,945,,3
12725,193423,942,0,2
12726,170295,1037,0,2
12728,180344,881,,3
12729,170295,1133,1,1
12730,215533,1017,1,1
12731,159171,908,0,2
12732,221574,867,1,1
12734,221571,903,0,2
12735,221571,955,1,1
12736,221571,822,1,1
12738,221574,960,,3
12739,221574,1171,,3
12741,209510,893,1,1
12742,221571,847,,3
12743,221571,857,,3
12745,221571,876,0,2
12746,209510,952,0,2
12748,209510,1012,1,1
12749,128076,902,,3
12750,128068,892,,3
12751,128068,839,0,2
12752,212522,887,,3
12754,225585,892,0,2
12755,225585,826,0,2
12756,225585,919,0,2
12758,228606,1133,1,1
12759,228606,906,0,2
12760,173312,851,0,2
12764,228606,877,,3
12765,162184,970,1,1
12766,231616,883,,3
12767,230612,1116,,3
12768,230612,881,,3
12769,231616,1005,,3
12770,261927,1014,1,1
12771,261927,1018,,3
12772,176329,1026,1,1
12773,261927,856,0,2
12774,162184,959,0,2
12775,231616,922,,3
12776,169280,953,,3
12777,123056,950,0,2
12778,234628,941,,3
12779,234628,874,1,1
12780,234628,841,,3
12784,165199,929,0,2
12785,112038,924,,3
12786,123056,888,0,2
12787,244776,983,1,1
12788,244764,905,1,1
12789,244818,847,1,1
12790,244776,842,,3
12791,244776,850,,3
12792,244697,943,,3
12793,244831,920,,3
12795,244831,891,,3
12797,244745,1048,0,2
12798,244839,928,0,2
12800,244736,984,0,2
12801,244774,920,1,1
12802,244697,931,,3
12803,244806,1020,1,1
12804,244818,861,0,2
12805,244839,879,1,1
12806,244727,946,1,1
12807,244776,894,0,2
12808,244764,928,,3
12809,244697,896,,3
12810,244806,881,1,1
12812,244839,958,0,2
12813,244697,779,0,2
12814,244799,950,1,1
12815,244774,903,,3
12817,244697,942,1,1
12818,244780,1008,1,1
12820,244780,1079,,3
12821,244697,785,0,2
12822,244818,858,0,2
12823,205489,1043,,3
12825,244839,1007,1,1
12832,173312,931,,3
12833,216536,929,0,2
12835,252885,933,,3
12836,216536,938,1,1
12837,216536,953,,3
12838,252885,938,0,2
12839,216536,1033,0,2
12840,216536,914,1,1
12841,216536,1026,1,1
12842,216536,967,1,1
12844,244728,906,0,2
12845,253888,973,0,2
12846,169229,912,0,2
12848,216536,871,0,2
12849,257905,844,0,2
12850,257905,1253,1,1
12851,257899,880,0,2
12852,257899,923,1,1
12853,257905,1050,,3
12854,257905,987,1,1
12856,257899,978,0,2
12857,257899,971,0,2
12858,257905,899,0,2
12859,257899,915,0,2
12860,253888,1017,0,2
12861,257905,967,1,1
12862,253888,858,1,1
12864,257905,938,1,1
12865,261927,996,0,2
12866,262937,939,,3
12867,221574,821,1,1
12868,252885,873,,3
12869,252885,863,,3
12870,216536,922,,3
12871,216536,837,1,1
12872,252885,993,,3
12873,216536,971,0,2
12875,123056,918,,3
12876,123056,832,0,2
12877,128079,1052,1,1
12878,130085,920,0,2
12879,253888,1171,0,2
12880,166203,996,0,2
12881,165199,923,0,2
12883,164198,1094,,3
12884,166203,907,,3
12886,164198,918,0,2
12887,212522,971,,3
12890,169219,1156,0,2
12891,169231,1038,1,1
12899,264945,934,,3
12900,218562,1061,0,2
12901,218562,986,1,1
12903,234628,936,1,1
12905,234628,997,1,1
12906,189396,882,0,2
12908,189396,861,,3
12909,203457,1181,,3
12910,189396,930,,3
12911,189396,1006,1,1
12913,189382,860,1,1
12914,218562,1028,1,1
12917,209510,900,1,1
12918,170295,1003,0,2
12919,244818,868,0,2
12924,193423,953,1,1
12925,180344,1058,,3
12926,159171,1028,0,2
12927,193423,907,1,1
12928,221571,841,1,1
12929,225585,887,1,1
12930,225585,881,0,2
12932,225585,886,1,1
12933,225585,971,0,2
12934,244801,956,0,2
12937,244780,1042,,3
12939,244727,1051,1,1
12941,244774,936,0,2
12946,191411,1030,,3
12947,128076,849,0,2
12949,244801,911,1,1
12953,208501,1079,0,2
12954,180344,993,1,1
12955,234628,965,1,1
12964,244780,1026,1,1
12965,244728,879,1,1
12967,244806,928,,3
12969,193423,903,1,1
12970,244708,899,0,2
12971,244728,831,0,2
12973,244727,820,0,2
12975,244755,949,0,2
12976,205490,914,,3
12977,244708,931,0,2
12978,218562,1000,1,1
12980,166203,864,,3
12981,180344,906,0,2
12983,253888,890,1,1
12986,244727,937,,3
12988,205492,1019,0,2
12989,244839,1070,1,1
12990,205491,1129,1,1
12991,244745,894,,3
12992,205489,893,0,2
12993,257905,953,1,1
12996,215533,1206,,3
12997,191411,1043,0,2
12998,244839,935,0,2
12999,244776,963,1,1
13003,169229,1019,1,1
13011,244708,889,,3
13012,244708,795,,3
13013,244708,851,,3
13014,244708,867,,3
13017,244708,850,,3
13018,244708,829,,3
13020,169229,981,0,2
13026,257899,834,1,1
13027,244727,877,,3
13029,244776,1148,0,2
13032,203452,895,1,1
13034,221574,877,1,1
13035,165199,1003,1,1
13037,180344,896,0,2
13043,165199,1034,0,2
13044,128076,856,0,2
13046,128079,831,0,2
13048,128076,846,,3
13049,230612,942,1,1
13050,128079,871,,3
13051,264945,901,,3
13053,244727,878,0,2
13054,169229,952,1,1
13056,244745,973,0,2
13057,244774,862,,3
13058,159171,961,1,1
13059,159171,954,1,1
13060,244806,996,,3
13061,168211,881,,3
13062,225585,920,0,2
13064,244723,949,1,1
13065,244774,1024,1,1
13067,228606,926,,3
13068,244806,842,0,2
13071,112038,856,,3
13073,205492,1039,1,1
13074,244774,868,1,1
13075,244755,856,,3
13082,169280,836,,3
13083,244708,850,,3
13103,244774,934,,3
13113,216536,945,1,1
13114,189382,932,0,2
13116,244745,1063,,3
13117,244774,921,1,1
13118,169229,896,0,2
13119,169229,945,1,1
13123,205491,901,0,2
13125,205490,835,0,2
13127,244801,924,1,1
13128,244801,901,1,1
13129,205488,946,0,2
13130,130085,900,1,1
13131,128068,978,0,2
13132,201449,913,,3
13133,244799,868,,3
13134,244728,889,,3
13136,212522,993,1,1
13137,244727,942,,3
13138,130085,926,1,1
13139,128079,917,,3
13140,244818,973,0,2
13143,244806,969,0,2
13144,244780,1016,1,1
13146,244728,820,1,1
13147,123056,924,,3
13149,244755,943,,3
13151,205490,809,1,1
13153,130085,902,0,2
13154,244723,785,,3
13155,128079,929,1,1
13156,130085,865,,3
13157,169229,960,1,1
13158,244774,844,1,1
13159,130085,962,0,2
13160,128079,973,1,1
13161,128079,925,,3
13162,244755,916,0,2
13163,170295,891,1,1
13164,205488,931,0,2
13166,244764,1164,1,1
13167,128079,896,,3
13168,244780,1054,,3
13169,205492,989,0,2
13171,164198,1121,1,1
13173,161183,916,0,2
13174,161176,934,0,2
13175,161183,903,0,2
13176,161183,1027,,3
13177,161183,948,,3
13178,244799,948,1,1
13179,161183,1006,,3
13180,244776,916,1,1
13181,205489,944,1,1
13182,169229,816,0,2
13183,165199,937,1,1
13184,164198,951,0,2
13185,164198,1102,1,1
13186,244799,956,1,1
13187,165199,957,0,2
13188,164198,866,1,1
13189,164198,902,,3
13190,166203,898,0,2
13192,123056,873,1,1
13193,123056,978,0,2
13194,168211,1015,1,1
13195,168211,880,,3
13196,205490,841,0,2
13197,244806,1010,,3
13198,244776,872,1,1
13199,169231,908,1,1
13201,244796,828,0,2
13205,205491,1021,1,1
13206,169229,956,,3
13207,169229,880,0,2
13208,244831,825,0,2
13211,244799,898,,3
13212,244736,925,,3
13213,205490,819,0,2
13215,165199,1082,1,1
13216,244801,847,1,1
13217,244776,810,1,1
13218,244697,882,,3
13219,169229,1253,,3
13221,244736,956,1,1
13222,201449,984,1,1
13223,205491,870,,3
13224,244755,906,0,2
13225,244708,908,1,1
13226,244806,913,1,1
13228,169231,909,,3
13231,244818,857,0,2
13232,244839,1048,1,1
13233,128079,858,,3
13234,244799,945,1,1
13235,169280,986,,3
13236,205488,1004,0,2
13237,169280,899,,3
13238,165199,1101,,3
13240,244839,933,0,2
13241,244727,837,,3
13242,244831,981,0,2
13243,169219,1037,0,2
13244,262937,1091,,3
13245,218562,1044,1,1
13246,128076,875,,3
13248,244806,874,0,2
13249,169229,935,1,1
13250,169231,840,1,1
13251,201449,985,0,2
13252,244818,868,1,1
13253,244755,858,0,2
13255,168211,816,,3
13256,128068,866,0,2
13258,169229,1049,0,2
13261,244776,883,,3
13262,264945,917,,3
13264,205488,994,,3
13265,244776,945,0,2
13266,244764,900,,3
13267,244755,909,0,2
13268,264945,1008,1,1
13269,193423,933,,3
13270,205490,809,1,1
13271,169280,1020,0,2
13272,205490,800,1,1
13273,244774,966,,3
13274,169229,1011,,3
13275,244755,911,0,2
13277,161176,918,1,1
13280,112038,919,,3
13281,169231,973,,3
13282,244774,1013,,3
13284,244727,869,,3
13285,189382,928,1,1
13287,169219,958,0,2
13288,159171,951,0,2
13289,244708,924,1,1
13290,205490,825,0,2
13291,169229,1051,,3
13295,244776,789,,3
13296,244780,1147,,3
13297,244799,891,1,1
13300,205492,1030,1,1
13302,244746,898,,3
13304,205490,820,,3
13306,244745,949,1,1
13307,244728,892,,3
13309,205489,1066,0,2
13311,244774,952,,3
13312,205490,851,1,1
13315,193423,931,1,1
13317,201449,983,,3
13318,169229,931,0,2
13319,244801,852,0,2
13320,212522,1052,,3
13321,205491,964,,3
13322,166203,929,1,1
13323,264945,936,1,1
13324,170295,947,0,2
13325,201449,1048,1,1
13326,244723,866,1,1
13327,205492,924,0,2
13328,205489,882,0,2
13329,244831,906,1,1
13330,201449,920,1,1
13331,205490,810,,3
13333,161176,842,0,2
13334,173312,1206,,3
13335,244755,1153,1,1
13336,244728,852,,3
13337,173312,911,,3
13338,180344,911,0,2
13339,244727,962,,3
13340,173312,1012,1,1
13343,244755,1046,1,1
13344,244727,1010,0,2
13346,212522,889,1,1
13348,244806,1089,0,2
13349,180344,1019,,3
13350,180344,966,1,1
13352,203452,826,,3
13354,180344,856,1,1
13356,205491,1002,,3
13357,244755,931,0,2
13359,244755,886,,3
13360,205491,919,0,2
13361,244774,870,,3
13362,244708,839,0,2
13363,205489,939,,3
13364,205488,929,1,1
13365,261927,946,0,2
13366,191411,970,1,1
13368,203452,799,0,2
13369,244755,907,1,1
13370,191411,865,0,2
13372,203457,1027,0,2
13373,169229,862,0,2
13375,189382,940,,3
13376,244776,825,1,1
13378,244831,839,1,1
13380,244799,921,,3
13381,244799,907,0,2
13382,244764,891,,3
13384,189396,826,,3
13385,244746,927,,3
13386,189382,929,1,1
13388,244755,848,0,2
13389,189378,902,0,2
13390,205489,857,0,2
13391,212522,1046,1,1
13394,264945,955,1,1
13395,244745,928,,3
13396,218562,992,,3
13398,161183,1087,0,2
13400,244806,928,,3
13401,244839,900,1,1
13404,244799,800,0,2
13405,244708,836,1,1
13406,244780,961,0,2
13407,205492,847,,3
13409,170295,898,1,1
13410,205488,965,1,1
13411,203452,886,1,1
13412,244806,1008,,3
13413,244697,976,,3
13414,201449,1037,0,2
13415,201449,896,,3
13416,201449,940,,3
13417,201449,974,0,2
13418,201449,983,0,2
13419,201449,994,0,2
13420,162184,933,,3
13421,244774,827,1,1
13422,205490,796,,3
13423,205490,719,,3
13424,203452,929,0,2
13426,244723,933,1,1
13427,212522,948,,3
13428,244780,993,0,2
13429,161183,849,,3
13430,161183,1014,0,2
13431,244697,927,1,1
13432,205488,901,0,2
13433,244818,834,,3
13434,244727,946,,3
13436,205489,955,1,1
13437,205491,1033,1,1
13439,264945,959,1,1
13440,205488,831,1,1
13441,244818,831,1,1
13442,244774,919,1,1
13443,244774,915,,3
13444,205490,867,,3
13445,205489,1158,0,2
13446,205490,907,,3
13447,205489,1114,1,1
13449,130085,923,1,1
13450,128076,846,1,1
13451,205488,890,0,2
13452,244746,904,,3
13453,205489,1044,,3
13454,244755,986,1,1
13455,244708,897,1,1
13457,244796,934,1,1
13459,244708,920,1,1
13460,244801,945,,3
13461,244839,964,0,2
13462,244776,817,1,1
13464,244764,890,,3
13469,128079,797,,3
13471,205491,849,1,1
13473,205490,839,0,2
13478,128068,866,,3
13481,169219,1074,0,2
13483,128068,845,,3
13484,205492,959,0,2
13486,244745,872,,3
13487,128076,890,0,2
13490,128079,866,0,2
13491,128079,866,,3
13492,244723,879,0,2
13494,244736,937,1,1
13495,244806,884,0,2
13496,205492,1063,0,2
13497,205490,827,1,1
13498,244806,910,0,2
13499,208501,965,,3
13500,208503,892,,3
13501,208501,1029,1,1
13502,244818,785,1,1
13503,208501,988,,3
13504,244755,888,,3
13505,208501,1005,0,2
13506,208501,973,,3
13507,230612,1026,0,2
13509,244723,954,1,1
13510,208503,791,0,2
13511,221571,951,0,2
13512,221571,1033,1,1
13513,205492,911,,3
13514,208503,897,0,2
13515,208503,906,,3
13516,208501,960,0,2
13517,161183,908,0,2
13519,208503,1005,,3
13522,209510,869,1,1
13523,244831,903,0,2
13524,244727,867,,3
13525,244755,868,,3
13527,212522,892,1,1
13528,244774,839,,3
13529,205489,1020,0,2
13530,193423,1116,1,1
13532,215533,856,0,2
13533,193422,886,,3
13534,216536,936,1,1
13535,205492,914,1,1
13537,170295,1108,0,2
13538,244745,896,0,2
13540,244745,963,0,2
13542,159171,921,,3
13544,159171,869,,3
13548,212522,906,,3
13549,205490,925,1,1
13550,159171,944,1,1
13551,244697,884,,3
13552,244780,990,0,2
13553,205490,867,1,1
13554,244728,864,,3
13556,244780,868,0,2
13557,244764,876,1,1
13559,161176,940,0,2
13560,159171,1055,1,1
13561,180344,979,,3
13562,159171,1025,0,2
13563,244755,1164,1,1
13564,180344,1074,1,1
13566,173312,1020,1,1
13567,170295,934,,3
13569,180344,897,,3
13570,159171,937,,3
13571,244774,902,0,2
13572,215533,927,0,2
13573,244746,986,1,1
13574,215533,898,0,2
13575,230612,961,0,2
13577,159171,1007,1,1
13578,215533,949,1,1
13579,169280,949,,3
13580,168214,931,1,1
13581,244806,983,0,2
13582,221571,846,0,2
13583,221574,884,0,2
13585,221571,849,,3
13588,244839,914,0,2
13589,221571,823,,3
13590,221571,857,0,2
13591,244727,924,,3
13592,208503,864,,3
13593,221571,878,,3
13594,244755,983,1,1
13595,128076,901,1,1
13596,225585,960,,3
13597,244727,921,,3
13598,244831,986,1,1
13599,228606,962,,3
13600,228606,978,,3
13601,244818,857,0,2
13602,228606,931,1,1
13603,244799,840,1,1
13604,228606,1136,,3
13607,228606,986,1,1
13608,205490,909,1,1
13609,231616,978,,3
13611,231616,1005,0,2
13612,162184,951,1,1
13613,231616,992,,3
13615,205490,783,,3
13616,230612,897,,3
13618,244723,943,1,1
13619,264945,1097,0,2
13620,244839,922,1,1
13621,261927,823,1,1
13622,261927,1203,1,1
13624,234628,1033,,3
13625,244755,870,,3
13626,164198,976,0,2
13627,244727,940,,3
13628,244755,887,0,2
13629,244708,826,0,2
13631,205489,1027,0,2
13632,218562,990,1,1
13633,218562,927,1,1
13634,257899,885,0,2
13635,244806,1036,1,1
13636,244727,1013,1,1
13637,244727,880,,3
13638,203457,936,,3
13639,161183,856,,3
13640,244755,947,1,1
13641,244801,983,,3
13642,244799,856,0,2
13643,244728,946,0,2
13645,244746,836,0,2
13646,244801,938,,3
13647,244799,918,,3
13648,216536,996,,3
13649,244818,868,,3
13650,244745,928,1,1
13651,244774,911,1,1
13652,244755,808,0,2
13653,244801,1164,,3
13654,203452,856,0,2
13655,205490,779,,3
13657,244727,949,,3
13658,244806,949,0,2
13659,205492,980,1,1
13660,244708,856,0,2
13661,244776,889,1,1
13662,244746,907,,3
13663,244697,882,,3
13664,205491,966,1,1
13665,205489,1113,0,2
13666,244736,976,,3
13667,244736,995,,3
13668,244746,957,1,1
13670,244723,842,,3
13671,205492,908,0,2
13672,205490,802,0,2
13674,244839,1015,1,1
13675,244801,987,0,2
13676,244780,965,0,2
13677,244839,921,0,2
13678,244755,901,1,1
13679,225585,912,0,2
13680,244697,874,1,1
13681,244774,866,0,2
13682,244806,996,1,1
13684,244774,826,0,2
13685,244708,989,0,2
13686,244708,989,1,1
13690,244774,854,1,1
13691,244776,897,1,1
13692,205490,802,,3
13693,244818,899,,3
13694,244801,907,,3
13695,205491,875,0,2
13696,244697,950,,3
13697,244776,1078,1,1
13700,130085,839,,3
13702,205490,800,0,2
13703,244839,923,1,1
13705,128068,870,1,1
13706,244728,902,0,2
13707,244708,792,1,1
13708,128068,891,1,1
13709,244776,847,0,2
13711,244755,839,,3
13712,209510,989,,3
13713,244697,936,1,1
13714,128079,880,,3
13715,244774,962,0,2
13716,169229,931,,3
13717,244708,815,1,1
13718,244780,998,1,1
13719,128079,917,,3
13720,244776,903,0,2
13721,257905,909,,3
13723,244818,903,,3
13724,244839,988,0,2
13725,244755,968,0,2
13726,244708,952,0,2
13727,159171,947,,3
13728,244755,979,0,2
13729,244780,1102,,3
13730,244764,1067,1,1
13731,244839,1076,0,2
13732,244764,939,,3
13733,244764,849,1,1
13735,244755,915,0,2
13737,244736,900,,3
13738,244796,887,,3
13739,244806,962,1,1
13740,208503,879,,3
13742,244774,857,1,1
13743,244697,889,,3
13744,205491,866,0,2
13745,244697,824,0,2
13746,259915,1065,,3
13747,259915,842,,3
13748,244806,968,0,2
13750,244774,891,,3
13751,193422,978,1,1
13752,244745,1231,,3
13753,244839,882,1,1
13754,244764,939,1,1
13755,244818,918,0,2
13756,259915,863,0,2
13758,259915,937,1,1
13759,128079,780,0,2
13763,244818,813,0,2
13765,205490,802,,3
13766,205488,824,,3
13767,128068,823,,3
13768,244697,839,1,1
13769,244727,846,,3
13770,128079,1000,,3
13771,257905,944,0,2
13772,244799,857,,3
13773,193422,918,,3
13774,205488,1014,0,2
13775,189378,931,,3
13776,216536,841,0,2
13777,205492,878,,3
13778,216536,978,0,2
13779,244806,994,0,2
13781,257905,987,,3
13782,257905,978,1,1
13783,244796,957,,3
13784,257899,940,0,2
13785,244801,900,1,1
13787,253888,900,0,2
13788,253888,912,,3
13789,257905,898,,3
13790,244708,808,0,2
13791,257899,811,,3
13792,253888,886,,3
13793,244831,965,0,2
13795,193423,947,1,1
13797,261927,839,1,1
13798,261927,1052,0,2
13799,261927,1019,0,2
13800,244746,890,0,2
13801,221571,846,0,2
13802,221574,886,0,2
13803,244708,959,1,1
13804,244839,905,1,1
13805,244755,808,0,2
13806,216536,876,,3
13807,244723,859,,3
13808,244697,730,,3
13809,244831,917,,3
13810,244755,970,,3
13812,244831,866,0,2
13813,244801,921,,3
13814,264945,1000,0,2
13815,244723,862,,3
13816,112038,878,0,2
13818,130085,898,,3
13820,244801,850,1,1
13821,130085,979,,3
13823,128079,862,,3
13824,128068,845,,3
13826,244780,1071,,3
13827,257899,889,0,2
13828,244755,953,1,1
13829,244723,937,,3
13830,244831,950,1,1
13831,244745,957,,3
13832,244818,845,0,2
13833,244801,942,,3
13834,244818,906,,3
13835,244831,911,0,2
13837,257905,993,1,1
13838,244780,979,0,2
13839,161176,876,1,1
13840,161183,873,,3
13841,161183,1023,0,2
13842,161183,921,1,1
13843,162184,1089,1,1
13844,244723,777,0,2
13846,203457,979,0,2
13847,244839,908,,3
13848,244806,971,,3
13851,169229,910,,3
13852,166203,872,1,1
13853,244723,930,0,2
13854,244746,1031,1,1
13855,164198,947,1,1
13857,164198,872,0,2
13858,164198,1102,0,2
13859,244831,886,1,1
13860,176329,911,1,1
13861,168214,957,,3
13862,168214,997,1,1
13863,168211,950,,3
13864,123056,856,,3
13865,168214,949,0,2
13866,168214,975,,3
13867,168211,881,1,1
13868,168211,981,,3
13869,168211,934,,3
13870,168211,925,0,2
13872,123056,879,0,2
13873,123056,963,1,1
13874,189378,905,1,1
13875,168211,906,,3
13876,168214,957,0,2
13877,168211,891,1,1
13878,168211,994,1,1
13879,234628,887,0,2
13882,169229,1058,,3
13883,169231,831,0,2
13884,244755,988,,3
13885,244746,892,,3
13887,264945,974,,3
13888,244801,827,0,2
13889,264945,927,1,1
13890,264945,932,,3
13891,244839,886,,3
13893,264945,925,1,1
13895,244780,1087,,3
13896,244728,901,1,1
13898,221574,868,1,1
13900,244780,984,0,2
13901,244806,889,0,2
13903,225585,831,0,2
13905,261927,999,0,2
13906,169219,919,,3
13907,169280,998,0,2
13908,264945,948,0,2
13910,244745,979,,3
13911,244745,947,1,1
13912,169229,1014,1,1
13913,169229,936,1,1
13915,169219,1015,,3
13917,244780,1171,,3
13918,244818,834,1,1
13919,169280,910,0,2
13920,244818,934,0,2
13921,262937,962,1,1
13922,244799,906,1,1
13924,169280,953,1,1
13925,244755,942,0,2
13926,244774,904,1,1
13927,244728,873,,3
13928,244774,858,0,2
13929,244755,825,,3
13930,244755,934,0,2
13931,244774,851,,3
13932,169231,911,0,2
13933,169231,847,,3
13934,262937,1074,,3
13935,244723,813,,3
13936,209510,901,0,2
13937,244764,874,,3
13938,244796,844,0,2
13939,225585,1063,,3
13940,201449,992,0,2
13942,244776,782,1,1
13943,244755,824,1,1
13944,221574,902,1,1
13945,244776,923,,3
13947,166203,924,1,1
13948,169231,854,,3
13949,244764,824,,3
13950,244796,842,1,1
13951,225585,854,0,2
13952,257905,941,,3
13953,169229,1047,1,1
13955,244818,873,0,2
13957,264945,1106,0,2
13958,169231,874,,3
13959,169229,931,0,2
13963,244723,844,0,2
13964,244799,873,0,2
13966,244780,1069,,3
13967,169231,849,0,2
13969,205492,1027,1,1
13973,170295,946,,3
13975,201449,1021,0,2
13976,244839,846,,3
13977,173312,1104,,3
13979,244755,901,,3
13980,244831,845,,3
13981,244796,839,0,2
13984,244806,944,1,1
13988,244723,803,1,1
13990,173312,1043,0,2
13991,173312,931,0,2
13993,244774,981,,3
13994,244755,962,0,2
13995,112038,847,0,2
13996,244708,878,1,1
13998,218562,878,0,2
13999,244755,928,,3
14000,244755,866,,3
14001,180344,1012,0,2
14002,180344,956,1,1
14003,244799,961,,3
14005,203457,1066,1,1
14006,169229,914,,3
14007,244839,925,,3
14008,244801,1020,1,1
14010,203452,841,0,2
14012,203457,934,0,2
14013,169219,1003,0,2
14016,244727,876,0,2
14017,203452,862,0,2
14018,203457,1031,,3
14019,244796,945,,3
14020,244764,890,1,1
14021,244764,820,1,1
14022,244774,945,,3
14024,244799,876,1,1
14025,264945,896,0,2
14027,244708,880,0,2
14028,234628,994,0,2
14029,244796,926,1,1
14030,244728,812,0,2
14032,189378,1012,,3
14033,244806,1010,,3
14035,244776,808,1,1
14036,189378,914,1,1
14037,244806,1037,0,2
14040,244780,1017,1,1
14043,244839,941,0,2
14044,169231,846,,3
14045,189396,876,,3
14046,189396,928,,3
14047,189382,870,0,2
14048,244755,913,,3
14049,189378,898,1,1
14050,244801,902,1,1
14052,189378,907,1,1
14054,189396,883,,3
14056,244780,994,1,1
14057,244806,1036,,3
14058,264945,963,1,1
14059,244764,949,,3
14060,244727,867,,3
14061,244839,943,1,1
14062,244839,1012,0,2
14064,244806,892,0,2
14065,191411,903,0,2
14069,244796,928,,3
14070,244755,872,,3
14071,170295,950,1,1
14072,244776,889,,3
14075,201449,842,,3
14076,201449,1124,,3
14077,201449,792,0,2
14078,201449,915,,3
14080,169231,842,,3
14081,203452,927,1,1
14082,203452,879,0,2
14083,244728,913,1,1
14084,205492,876,,3
14086,205488,937,0,2
14088,244708,956,0,2
14089,244708,787,0,2
14090,244780,1066,,3
14091,244697,884,,3
14092,244697,853,1,1
14093,244774,852,,3
14094,205491,919,,3
14095,244697,833,1,1
14096,205492,1059,1,1
14097,205489,870,0,2
14098,161183,995,1,1
14099,212522,981,,3
14100,228606,958,,3
14101,128079,891,,3
14102,205491,876,1,1
14103,212522,961,1,1
14104,205492,899,,3
14105,128068,909,1,1
14107,244727,896,0,2
14108,203452,978,1,1
14109,128076,877,0,2
14110,161183,890,,3
14111,128076,865,1,1
14112,205490,805,0,2
14113,128079,964,,3
14114,244736,888,0,2
14115,244806,924,,3
14116,212522,925,,3
14117,244697,843,,3
14119,161183,894,0,2
14120,244727,888,,3
14121,244697,915,,3
14122,128068,861,0,2
14123,244723,818,,3
14124,244736,975,0,2
14125,208501,855,0,2
14126,208501,848,1,1
14127,208501,1108,0,2
14128,208503,936,0,2
14129,209510,847,0,2
14130,208503,871,,3
14131,244727,883,,3
14132,208503,847,,3
14133,208503,879,0,2
14134,208501,921,,3
14135,244755,890,0,2
14136,244708,965,1,1
14137,208503,902,0,2
14141,209510,888,,3
14142,209510,919,,3
14143,230612,1003,0,2
14144,209510,1042,,3
14145,244736,963,0,2
14146,244776,796,1,1
14147,244818,948,0,2
14149,212522,919,,3
14150,212522,968,0,2
14153,244723,851,,3
14154,212522,887,,3
14155,244708,831,1,1
14156,244806,903,0,2
14157,193423,976,,3
14159,193423,924,,3
14160,215533,1054,0,2
14161,244799,954,0,2
14162,193423,1024,,3
14163,244806,917,0,2
14164,244780,998,1,1
14165,193422,961,,3
14166,193423,915,0,2
14167,193422,939,0,2
14169,244755,825,,3
14171,159171,984,1,1
14172,159171,1007,0,2
14173,170295,936,1,1
14174,244697,680,0,2
14175,159171,986,0,2
14177,170295,883,,3
14178,193422,1042,0,2
14182,169280,912,,3
14183,159171,822,0,2
14184,159171,899,,3
14185,159171,962,1,1
14186,159171,914,1,1
14187,244723,845,1,1
14189,159171,960,1,1
14190,244708,777,0,2
14192,244774,798,0,2
14193,244708,831,1,1
14194,159171,905,,3
14195,244806,903,0,2
14196,215533,973,0,2
14197,159171,877,0,2
14198,244776,821,0,2
14199,180344,914,,3
14200,215533,943,0,2
14201,180344,935,,3
14202,159171,1018,1,1
14203,244697,857,1,1
14204,193423,916,0,2
14205,209510,897,1,1
14206,209510,829,,3
14207,221571,820,,3
14209,221574,886,,3
14210,230612,975,,3
14211,209510,1062,1,1
14212,221571,893,0,2
14213,230612,906,,3
14214,221574,860,0,2
14215,209510,1032,,3
14216,173312,1099,,3
14217,228606,883,0,2
14219,244697,832,,3
14221,180344,931,0,2
14223,228606,810,,3
14224,180344,874,1,1
14225,228606,1043,1,1
14228,231616,906,0,2
14229,162184,922,0,2
14230,162184,808,,3
14231,244831,861,,3
14232,231616,946,,3
14233,230612,962,,3
14234,244806,984,0,2
14235,261927,887,0,2
14236,261927,889,0,2
14237,244755,912,,3
14238,261927,1031,1,1
14239,176329,1059,0,2
14240,261927,782,1,1
14241,244818,846,0,2
14242,261927,894,0,2
14244,244799,854,,3
14245,234628,1002,1,1
14246,244755,936,1,1
14248,244780,969,1,1
14250,212522,891,,3
14251,216536,892,1,1
14253,244728,879,1,1
14255,244796,936,0,2
14257,244801,1056,0,2
14258,244727,1003,,3
14259,244776,889,0,2
14260,244839,946,,3
14261,244745,986,0,2
14263,244727,865,1,1
14264,244818,849,0,2
14265,244799,917,1,1
14267,244774,816,0,2
14268,244776,884,,3
14269,244806,959,,3
14270,244776,812,1,1
14271,168214,954,,3
14273,244796,885,,3
14274,244697,867,,3
14275,244776,943,0,2
14276,244745,898,,3
14277,244745,896,,3
14279,244774,939,1,1
14280,169231,849,0,2
14281,244801,927,1,1
14282,208503,952,1,1
14284,244776,943,,3
14285,244776,1048,0,2
14286,208503,869,0,2
14287,259915,910,0,2
14289,244806,896,1,1
14291,244801,910,1,1
14292,244723,827,0,2
14293,244776,864,,3
14295,244806,933,0,2
14297,244745,871,0,2
14298,244839,942,1,1
14299,244755,873,,3
14300,244723,839,,3
14302,244727,958,0,2
14304,244727,883,0,2
14305,244708,827,0,2
14307,189378,908,0,2
14308,244806,983,0,2
14309,244806,1007,0,2
14313,244727,900,,3
14314,244818,892,,3
14315,244806,905,1,1
14316,244796,883,0,2
14318,244708,865,1,1
14319,244708,813,1,1
14320,244806,881,0,2
14322,209510,908,,3
14323,244806,951,,3
14324,244755,871,,3
14325,244776,849,,3
14326,244776,845,0,2
14327,244697,810,0,2
14328,244774,1003,1,1
14329,244831,899,,3
14330,244736,974,,3
14331,244776,879,,3
14333,244806,967,,3
14334,244697,727,0,2
14335,244799,830,0,2
14336,244755,852,0,2
14337,244728,923,0,2
14338,244723,937,1,1
14339,244727,863,,3
14340,244745,958,,3
14341,244776,828,,3
14342,244723,825,0,2
14343,244839,951,0,2
14344,244774,878,1,1
14345,244708,817,0,2
14346,244776,761,,3
14347,244818,852,0,2
14349,244727,888,,3
14351,244774,971,,3
14352,244801,956,0,2
14353,244727,1044,,3
14354,244736,947,0,2
14357,244774,837,0,2
14359,244723,834,,3
14361,252885,946,,3
14363,216536,962,,3
14364,244764,853,,3
14365,252885,922,,3
14367,252885,910,0,2
14368,216536,938,,3
14369,252885,1003,1,1
14370,252885,945,0,2
14371,252885,862,0,2
14372,216536,852,1,1
14373,252885,1008,1,1
14374,216536,940,1,1
14375,252885,951,0,2
14376,252885,898,0,2
14377,252885,1034,1,1
14378,252885,873,0,2
14379,216536,939,0,2
14380,216536,937,0,2
14381,244697,815,0,2
14382,244727,816,0,2
14384,244746,934,,3
14386,244806,1010,,3
14387,244708,858,1,1
14389,244736,807,,3
14391,244755,858,0,2
14392,244796,872,0,2
14393,244746,993,,3
14394,244776,913,1,1
14395,257899,911,1,1
14396,244806,893,1,1
14397,244746,854,0,2
14399,216536,852,1,1
14400,252885,941,1,1
14401,216536,887,1,1
14402,257905,1156,,3
14405,257905,989,1,1
14407,257905,997,,3
14408,244708,924,0,2
14409,257905,929,0,2
14411,253888,950,0,2
14412,257905,916,,3
14413,203452,976,0,2
14414,257905,971,,3
14415,257899,951,0,2
14416,244839,810,1,1
14417,244723,870,1,1
14420,257905,901,0,2
14421,257905,881,,3
14422,257905,1058,1,1
14423,257905,1003,0,2
14425,257899,891,0,2
14426,161183,862,,3
14427,244776,837,1,1
14428,244839,944,0,2
14429,244776,884,1,1
14430,253888,914,,3
14431,244806,994,1,1
14433,244697,853,,3
14434,257905,1001,0,2
14436,193422,906,0,2
14437,209510,896,0,2
14438,244755,888,0,2
14439,173312,1098,1,1
14440,180344,961,1,1
14441,205491,913,,3
14442,221574,829,0,2
14443,216536,851,,3
14444,252885,1032,1,1
14445,216536,1015,,3
14447,216536,923,0,2
14449,244806,933,,3
14450,244831,928,,3
14451,168214,1144,,3
14452,244780,996,0,2
14453,168211,1029,,3
14454,244839,978,0,2
14455,112038,828,0,2
14456,112038,904,,3
14457,244697,868,1,1
14458,244727,857,0,2
14459,123056,926,1,1
14460,128076,942,0,2
14461,128076,887,1,1
14462,128079,823,0,2
14463,128076,876,,3
14464,244831,934,1,1
14465,130085,979,1,1
14466,244776,802,,3
14468,244780,939,0,2
14469,128068,871,1,1
14470,130085,862,0,2
14471,244723,873,1,1
14472,130085,919,,3
14473,244806,943,0,2
14474,244736,967,1,1
14475,234628,951,0,2
14476,244755,826,0,2
14477,244755,936,0,2
14478,244780,1053,,3
14479,244806,971,,3
14481,212522,870,,3
14482,244755,857,0,2
14483,244755,848,0,2
14485,244818,834,0,2
14486,244728,911,1,1
14487,244727,978,1,1
14488,161183,972,0,2
14489,161176,807,1,1
14490,161183,981,,3
14491,161183,803,0,2
14493,164198,942,,3
14494,164198,931,,3
14495,164198,1001,,3
14496,166203,871,,3
14497,112038,918,1,1
14498,165199,1025,,3
14499,165199,884,0,2
14501,168214,983,,3
14503,168211,962,1,1
14504,123056,940,,3
14505,123056,897,1,1
14506,168211,924,,3
14507,168211,871,0,2
14508,168214,910,,3
14509,123056,872,0,2
14510,168214,1081,0,2
14511,168211,921,1,1
14512,168214,1008,0,2
14514,234628,964,,3
14515,123056,939,1,1
14516,261927,949,,3
14518,264945,998,1,1
14519,169231,852,0,2
14521,216536,1017,1,1
14522,244723,791,0,2
14525,244723,801,0,2
14526,264945,963,1,1
14527,169280,878,1,1
14528,244727,865,,3
14529,262937,882,1,1
14530,244755,856,,3
14531,244745,867,,3
14532,244776,909,1,1
14535,244839,948,0,2
14536,244776,908,0,2
14538,264945,913,0,2
14539,264945,926,,3
14540,221574,873,1,1
14543,244799,902,1,1
14544,169229,841,0,2
14546,244780,950,0,2
14547,244818,780,,3
14548,201449,907,,3
14549,244774,900,1,1
14550,169280,963,,3
14551,244727,825,,3
14553,244746,882,,3
14554,201449,878,0,2
14555,244774,927,,3
14556,169231,870,1,1
14557,264945,927,,3
14561,244796,900,1,1
14563,208503,879,,3
14565,169229,1147,1,1
14566,169229,1009,,3
14567,244780,891,1,1
14568,169229,954,1,1
14569,244746,999,1,1
14571,230612,948,,3
14574,244728,787,1,1
14575,262937,1171,0,2
14576,169231,856,,3
14578,169229,955,,3
14579,244727,888,1,1
14580,244745,965,0,2
14581,244746,883,0,2
14583,221574,894,1,1
14584,244818,963,,3
14585,264945,926,,3
14587,262937,896,0,2
14589,264945,1018,0,2
14590,244764,856,,3
14592,169280,994,0,2
14593,264945,957,,3
14594,244818,816,0,2
14595,244727,893,,3
14596,244801,899,,3
14598,230612,1007,,3
14600,264945,1099,1,1
14601,244818,871,0,2
14602,169229,939,0,2
14603,244839,902,,3
14605,173312,1086,,3
14606,244799,858,0,2
14607,244736,953,0,2
14609,173312,1085,,3
14611,244831,872,1,1
14612,180344,918,,3
14613,244708,798,0,2
14614,244818,873,1,1
14618,180344,900,,3
14619,180344,947,,3
14620,180344,998,,3
14621,180344,963,,3
14622,244755,901,1,1
14623,244755,839,0,2
14624,180344,836,1,1
14625,203452,850,0,2
14627,203457,980,0,2
14628,244799,910,,3
14631,203457,1120,0,2
14635,244755,822,0,2
14637,244723,829,1,1
14638,189396,861,1,1
14639,244697,854,1,1
14640,189396,837,0,2
14641,244728,809,1,1
14642,244776,852,,3
14643,189378,897,0,2
14644,244774,846,0,2
14645,244801,829,1,1
14646,189378,901,,3
14647,189382,912,0,2
14648,189382,966,,3
14650,189378,892,,3
14652,189382,931,0,2
14653,189382,874,0,2
14654,189382,881,0,2
14656,166203,934,,3
14657,218562,949,0,2
14658,189378,841,1,1
14659,189396,919,1,1
14660,244745,1019,,3
14662,189396,960,0,2
14663,234628,990,0,2
14664,189396,873,0,2
14667,244799,865,0,2
14668,244776,910,0,2
14670,189382,984,,3
14672,123056,898,0,2
14673,244708,772,0,2
14675,244728,905,,3
14676,244831,837,1,1
14677,244806,1007,0,2
14678,244723,941,1,1
14679,244799,842,1,1
14680,189378,836,0,2
14681,191411,1007,1,1
14682,244774,876,0,2
14683,244831,878,1,1
14684,170295,939,1,1
14686,170295,944,,3
14687,170295,954,,3
14688,244727,931,0,2
14689,201449,981,0,2
14690,201449,1044,0,2
14691,201449,940,,3
14692,203452,907,1,1
14694,203452,887,0,2
14695,205489,906,0,2
14696,244806,934,1,1
14697,205488,852,,3
14699,244806,989,0,2
14700,244776,816,,3
14701,244736,805,0,2
14702,161183,1061,,3
14703,244799,834,,3
14705,205488,901,,3
14706,205488,926,,3
14709,212522,983,0,2
14710,244727,857,1,1
14713,244806,842,0,2
14716,244708,777,,3
14717,205491,924,1,1
14719,244776,805,1,1
14720,205492,876,,3
14721,244796,934,0,2
14722,128079,1136,1,1
14724,130085,869,,3
14725,128079,870,,3
14727,212522,895,,3
14728,203452,883,0,2
14729,205492,984,0,2
14730,161183,980,0,2
14731,244796,911,1,1
14733,205492,998,0,2
14735,161176,910,0,2
14736,208501,970,,3
14737,259915,973,0,2
14738,208501,894,0,2
14739,208501,816,,3
14740,208503,849,0,2
14741,208503,994,1,1
14742,208503,891,,3
14743,259915,984,0,2
14745,209510,839,0,2
14746,209510,857,,3
14747,209510,949,1,1
14748,209510,849,,3
14749,209510,903,1,1
14750,259915,937,0,2
14751,193423,841,0,2
14753,212522,894,0,2
14754,212522,912,,3
14755,212522,963,0,2
14756,244755,1120,0,2
14757,244746,907,,3
14758,212522,849,,3
14759,216536,756,0,2
14760,180344,853,0,2
14761,159171,877,,3
14763,159171,974,0,2
14766,208503,934,1,1
14767,259915,979,,3
14768,208503,893,1,1
14769,259915,934,,3
14770,259915,885,0,2
14771,159171,1097,1,1
14772,193422,868,0,2
14774,193423,953,,3
14775,259915,842,1,1
14776,170295,915,0,2
14777,180344,908,,3
14778,193423,938,1,1
14779,193422,1024,0,2
14780,159171,1090,0,2
14781,244799,915,1,1
14782,180344,956,1,1
14783,193423,878,0,2
14784,221574,954,0,2
14785,221574,934,1,1
14786,221574,896,1,1
14789,221571,796,0,2
14791,221571,796,0,2
14792,221571,855,1,1
14795,244708,812,0,2
14796,221571,834,0,2
14798,225585,940,,3
14799,225585,879,,3
14801,201449,858,0,2
14802,225585,872,0,2
14804,225585,983,0,2
14805,225585,891,,3
14806,225585,869,0,2
14807,244839,1104,1,1
14808,225585,915,,3
14809,225585,921,,3
14811,244697,809,0,2
14812,228606,904,0,2
14814,231616,857,0,2
14815,231616,1015,0,2
14816,231616,1057,1,1
14817,230612,867,0,2
14818,234628,919,0,2
14819,234628,902,,3
14820,234628,960,0,2
14821,234628,956,,3
14822,234628,874,0,2
14823,234628,1012,1,1
14824,234628,1032,,3
14825,234628,918,0,2
14826,234628,921,,3
14828,164198,927,,3
14829,165199,1003,,3
14830,165199,999,,3
14831,123056,884,1,1
14832,244801,1017,1,1
14833,244764,952,,3
14834,244708,817,,3
14835,244708,856,0,2
14837,244831,920,1,1
14838,244708,772,0,2
14840,244796,877,0,2
14841,244723,833,,3
14844,244697,752,0,2
14845,244780,875,0,2
14848,244806,711,0,2
14849,244801,962,,3
14850,244745,971,1,1
14851,244755,1003,0,2
14852,244831,992,,3
14855,244776,926,0,2
14857,244818,866,0,2
14858,244799,809,0,2
14859,244755,937,0,2
14860,244736,1032,1,1
14861,244799,916,0,2
14862,244839,891,,3
14863,244776,847,,3
14865,244723,881,,3
14866,244708,831,1,1
14867,203452,1054,1,1
14868,244818,961,0,2
14869,230612,989,1,1
14870,244697,887,1,1
14872,244755,873,0,2
14874,216536,829,1,1
14876,216536,1087,0,2
14879,252885,907,0,2
14880,257899,878,0,2
14882,201449,953,,3
14883,252885,1000,1,1
14884,216536,924,1,1
14887,216536,922,0,2
14888,218562,1044,,3
14889,216536,842,0,2
14890,244806,857,0,2
14891,244723,810,,3
14892,257905,976,0,2
14893,244755,967,0,2
14894,189382,865,1,1
14896,253888,918,1,1
14897,257899,859,1,1
14899,257899,937,1,1
14900,257905,852,0,2
14904,257899,949,1,1
14905,253888,933,1,1
14906,244806,995,0,2
14907,257905,982,,3
14908,257899,908,1,1
14910,257905,936,0,2
14911,257905,966,1,1
14912,257905,1089,1,1
14913,257899,942,,3
14914,257905,948,,3
14915,244796,784,,3
14919,259915,926,0,2
14921,261927,826,0,2
14922,261927,846,0,2
14923,261927,881,0,2
14924,261927,1005,0,2
14925,244806,998,,3
14926,159171,971,0,2
14927,262937,987,0,2
14928,205492,879,,3
14929,212522,914,,3
14930,189382,873,1,1
14931,189382,904,,3
14933,203452,925,0,2
14936,128068,924,,3
14937,128079,809,0,2
14938,130085,966,0,2
14939,244776,960,0,2
14940,130085,795,0,2
14942,128068,948,,3
14944,130085,971,1,1
14945,189378,827,,3
14946,244774,990,,3
14947,164198,987,1,1
14948,244774,938,,3
14949,161183,1006,0,2
14952,161183,1042,1,1
14953,161176,864,0,2
14954,161183,816,,3
14955,191411,1043,1,1
14956,168214,1000,1,1
14957,161176,1089,,3
14958,162184,962,0,2
14959,168214,837,1,1
14960,234628,873,1,1
14961,176329,1024,1,1
14962,168214,949,,3
14963,168214,949,0,2
14964,168211,837,,3
14966,168211,917,1,1
14968,168214,936,0,2
14969,168211,955,1,1
14970,168211,988,,3
14972,168211,1041,0,2
14974,165199,1156,1,1
14975,169280,934,0,2
14976,169229,929,1,1
14977,164198,1021,,3
14980,169280,931,1,1
14982,169219,976,0,2
14983,169229,949,0,2
14984,221574,862,0,2
14985,264945,889,,3
14986,169229,945,0,2
14987,169229,1004,1,1
14988,169219,917,0,2
14989,169229,955,1,1
14990,244728,822,1,1
14991,264945,991,1,1
14992,201449,938,,3
14993,244774,931,,3
14994,262937,933,,3
14996,262937,1156,1,1
14997,169231,878,0,2
14998,244774,908,,3
15001,169229,960,,3
15003,169229,907,1,1
15004,112038,904,,3
15005,244806,1015,,3
15006,169229,924,0,2
15007,264945,940,,3
15008,169280,928,,3
15010,264945,934,1,1
15012,201449,1051,0,2
15013,169229,978,,3
15016,264945,859,,3
15018,169231,863,0,2
15020,221571,728,,3
15022,169231,918,,3
15023,244818,920,0,2
15025,201449,972,1,1
15026,221574,924,1,1
15027,264945,925,,3
15028,264945,944,1,1
15031,230612,1002,0,2
15034,169280,934,1,1
15035,201449,992,1,1
15036,201449,1031,,3
15037,193423,1004,1,1
15038,169280,916,0,2
15040,169280,921,0,2
15043,169229,992,1,1
15045,169231,839,1,1
15047,244774,891,0,2
15048,169219,1021,1,1
15050,244727,1008,,3
15053,244736,964,,3
15054,123056,885,,3
15055,201449,937,1,1
15056,221574,903,,3
15057,173312,1069,,3
15058,244745,975,0,2
15060,173312,956,0,2
15061,173312,928,0,2
15062,173312,958,,3
15064,173312,981,0,2
15065,176329,1024,0,2
15066,165199,889,,3
15067,165199,1015,1,1
15068,180344,842,1,1
15069,180344,980,0,2
15070,203452,978,0,2
15071,191411,920,0,2
15072,203457,897,,3
15073,203452,952,1,1
15075,191411,934,0,2
15076,128076,852,1,1
15077,191411,832,0,2
15078,189396,1069,0,2
15079,189378,907,0,2
15080,189382,941,,3
15081,189378,881,,3
15083,123056,891,0,2
15084,189378,923,1,1
15085,189378,924,,3
15086,218562,985,1,1
15090,189396,850,,3
15094,123056,983,,3
15096,189396,1051,1,1
15097,234628,956,0,2
15098,189396,936,0,2
15101,191411,884,,3
15102,191411,923,,3
15103,191411,810,,3
15104,209510,790,1,1
15106,201449,870,1,1
15107,201449,873,0,2
15108,201449,981,1,1
15109,230612,787,0,2
15110,201449,990,,3
15111,170295,860,1,1
15112,201449,984,,3
15113,162184,944,1,1
15114,162184,900,1,1
15115,203452,1139,1,1
15117,203452,916,0,2
15118,203452,921,0,2
15119,203452,871,0,2
15121,205492,881,1,1
15122,205492,906,0,2
15123,205492,858,,3
15124,205488,935,0,2
15125,203452,919,0,2
15126,203452,887,0,2
15128,212522,879,,3
15130,205491,896,0,2
15131,205488,942,1,1
15132,212522,902,,3
15133,205491,789,1,1
15134,128079,917,1,1
15135,205488,916,0,2
15136,161183,902,1,1
15139,128076,870,1,1
15140,128076,816,,3
15141,130085,983,0,2
15142,168211,952,,3
15143,205490,837,,3
15144,205490,856,,3
15145,205492,949,1,1
15146,128079,870,0,2
15147,205490,815,1,1
15148,244776,903,0,2
15149,205488,812,,3
15150,161183,979,,3
15151,128076,851,,3
15152,209510,983,1,1
15153,208503,800,,3
15154,208501,983,1,1
15155,208503,812,,3
15157,259915,856,0,2
15159,259915,928,0,2
15160,208503,826,0,2
15161,208501,886,,3
15163,166203,837,0,2
15164,230612,957,0,2
15166,193423,889,0,2
15167,215533,988,0,2
15168,215533,949,0,2
15169,215533,839,0,2
15170,215533,1097,1,1
15171,193422,966,,3
15172,215533,1014,,3
15173,193422,973,0,2
15174,215533,915,,3
15175,193423,927,,3
15176,193423,976,0,2
15177,259915,925,,3
15178,193423,914,,3
15179,215533,1014,,3
15180,193422,1001,0,2
15181,170295,941,,3
15182,215533,956,,3
15183,230612,997,0,2
15185,215533,1033,0,2
15186,193423,958,1,1
15187,180344,796,0,2
15188,159171,894,,3
15189,159171,918,,3
15190,244831,856,0,2
15191,230612,961,0,2
15193,201449,992,,3
15194,180344,987,1,1
15196,193423,996,1,1
15198,159171,959,0,2
15200,228606,878,1,1
15201,221571,836,0,2
15202,221574,856,0,2
15203,221571,903,1,1
15204,221574,901,,3
15205,221571,759,,3
15206,221574,960,1,1
15207,221571,837,1,1
15208,166203,872,0,2
15212,221571,822,1,1
15213,221571,790,0,2
15214,221574,848,1,1
15215,212522,944,1,1
15216,225585,989,0,2
15217,164198,920,,3
15218,225585,907,,3
15221,225585,864,0,2
15223,228606,918,0,2
15224,228606,855,,3
15225,228606,1003,1,1
15226,231616,831,,3
15227,231616,937,,3
15228,231616,858,0,2
15229,231616,1006,1,1
15230,162184,875,0,2
15231,231616,909,1,1
15232,231616,909,0,2
15233,231616,949,,3
15234,230612,925,,3
15235,162184,832,1,1
15236,261927,1136,,3
15237,162184,961,0,2
15238,261927,937,1,1
15239,261927,1091,0,2
15242,162184,927,1,1
15243,261927,947,1,1
15244,261927,902,0,2
15246,234628,945,,3
15247,234628,956,,3
15248,234628,867,,3
15249,234628,916,0,2
15250,234628,1072,1,1
15251,234628,872,,3
15252,165199,961,0,2
15254,218562,866,0,2
15255,216536,917,0,2
15256,205488,975,0,2
15258,244839,1015,,3
15259,244727,991,,3
15264,244745,940,0,2
15265,244764,919,1,1
15266,244818,976,,3
15267,244776,889,0,2
15268,244831,959,,3
15271,244697,923,,3
15274,244728,914,0,2
15275,244774,953,,3
15276,244697,867,,3
15277,244818,825,0,2
15278,244776,910,1,1
15279,244839,865,1,1
15280,244776,887,0,2
15281,244818,860,0,2
15282,244831,1006,,3
15283,244806,933,0,2
15284,244755,923,,3
15286,244799,865,1,1
15288,244745,927,,3
15289,244818,892,,3
15291,244728,919,,3
15292,203452,981,,3
15293,244755,1032,0,2
15294,244806,997,,3
15295,244774,925,,3
15298,244796,857,1,1
15299,244776,872,,3
15301,180344,940,1,1
15302,252885,818,0,2
15303,216536,954,1,1
15304,252885,868,0,2
15305,257899,930,0,2
15306,257905,924,,3
15307,259915,887,1,1
15308,257899,896,0,2
15310,228606,909,,3
15311,123056,885,,3
15312,257905,905,,3
15313,257899,956,,3
15314,257899,930,1,1
15315,253888,931,,3
15316,257899,975,0,2
15317,203452,898,1,1
15318,257899,857,0,2
15319,257905,904,1,1
15321,228606,912,,3
15322,221574,929,0,2
15323,252885,986,1,1
15325,252885,942,0,2
15326,212522,972,,3
15328,112038,863,,3
15329,112038,827,,3
15330,112038,873,,3
15331,112038,865,1,1
15332,128076,949,,3
15334,128076,892,0,2
15335,128068,890,0,2
15337,130085,965,,3
15338,128076,923,0,2
15339,130085,883,1,1
15340,128076,913,0,2
15343,159171,1120,0,2
15345,161183,954,0,2
15346,161176,917,1,1
15347,161183,860,,3
15348,161183,945,,3
15349,161183,921,1,1
15351,161183,1041,0,2
15352,161183,1076,1,1
15355,166203,859,1,1
15356,164198,853,,3
15357,165199,976,0,2
15358,164198,874,0,2
15359,112038,792,0,2
15360,164198,969,1,1
15361,164198,947,,3
15362,166203,820,1,1
15363,205492,983,0,2
15364,166203,976,,3
15365,164198,880,0,2
15366,168211,885,0,2
15367,168214,917,,3
15368,168214,979,0,2
15369,168211,962,,3
15370,168214,1039,,3
15371,168211,931,,3
15372,168211,881,,3
15374,168214,914,,3
15375,234628,908,0,2
15376,261927,799,0,2
15377,168211,842,,3
15378,168211,1031,,3
15379,168211,937,,3
15380,168214,1076,0,2
15381,168214,1007,0,2
15382,168214,909,,3
15383,168211,898,0,2
15384,168214,1109,1,1
15385,168211,991,1,1
15387,264945,904,0,2
15388,169231,834,,3
15389,169280,868,1,1
15390,169229,945,1,1
15392,169229,902,0,2
15393,169229,926,1,1
15395,230612,976,0,2
15396,262937,991,1,1
15397,264945,915,1,1
15399,230612,980,,3
15402,169280,967,1,1
15403,244728,888,0,2
15405,216536,1036,,3
15406,169229,980,1,1
15407,262937,957,1,1
15410,169280,961,0,2
15411,169229,900,,3
15412,216536,923,0,2
15413,169229,976,1,1
15414,216536,958,0,2
15416,169229,944,,3
15421,169219,1087,0,2
15422,264945,934,,3
15423,169219,927,,3
15424,169231,806,0,2
15425,169219,957,,3
15427,169219,966,1,1
15432,173312,1039,,3
15433,173312,1015,1,1
15434,173312,970,,3
15435,173312,969,1,1
15436,208503,892,0,2
15437,231616,793,1,1
15438,166203,857,1,1
15439,166203,918,,3
15441,180344,916,,3
15442,180344,954,,3
15444,180344,928,0,2
15445,244839,1092,0,2
15446,208503,906,0,2
15447,191411,898,1,1
15448,203457,902,,3
15449,161183,937,,3
15450,203457,893,0,2
15451,203452,877,,3
15453,203452,837,,3
15456,203452,934,0,2
15457,189382,998,1,1
15458,189382,947,1,1
15459,189396,867,1,1
15462,189396,920,1,1
15463,189396,864,0,2
15464,189382,906,1,1
15465,189378,931,0,2
15469,189382,947,,3
15470,218562,951,0,2
15471,218562,873,,3
15472,123056,911,0,2
15473,123056,939,0,2
15474,191411,802,0,2
15475,170295,848,1,1
15476,201449,936,1,1
15477,201449,875,0,2
15478,201449,971,0,2
15479,162184,939,0,2
15480,162184,911,1,1
15481,203452,1006,1,1
15482,203452,1073,0,2
15483,203457,928,0,2
15484,203452,937,0,2
15485,203452,976,1,1
15486,212522,924,0,2
15487,205489,883,0,2
15489,161183,936,,3
15490,203452,903,1,1
15492,205491,991,0,2
15494,128079,821,1,1
15495,212522,961,0,2
15497,212522,973,0,2
15498,212522,961,1,1
15499,161183,1066,1,1
15500,205488,862,,3
15502,205491,1057,1,1
15503,205489,875,0,2
15504,205490,790,0,2
15506,205491,1002,,3
15508,128068,917,,3
15509,205492,967,0,2
15510,205490,851,0,2
15511,205489,941,,3
15512,128076,845,0,2
15513,212522,839,,3
15515,128068,858,1,1
15516,128076,866,0,2
15517,205491,893,0,2
15519,128079,953,0,2
15520,205489,831,1,1
15521,128068,782,,3
15522,208501,852,1,1
15523,208501,1006,0,2
15525,193423,836,0,2
15527,259915,842,,3
15528,259915,981,,3
15531,209510,822,,3
15532,209510,857,1,1
15533,230612,926,1,1
15534,261927,856,0,2
15536,193423,864,,3
15537,215533,856,,3
15538,193422,972,0,2
15539,215533,1066,,3
15540,215533,942,1,1
15541,215533,967,,3
15542,193423,950,0,2
15543,215533,962,,3
15544,215533,961,,3
15545,193423,961,,3
15546,159171,824,,3
15547,215533,959,0,2
15548,193423,1086,1,1
15549,215533,993,,3
15551,215533,1044,0,2
15552,215533,902,,3
15553,215533,954,0,2
15554,215533,964,1,1
15555,215533,871,1,1
15556,193423,913,0,2
15557,215533,1000,,3
15558,216536,900,1,1
15560,215533,810,1,1
15561,215533,834,0,2
15562,215533,1019,0,2
15563,193422,928,1,1
15565,170295,939,,3
15566,159171,1033,1,1
15567,159171,877,1,1
15568,159171,877,0,2
15571,230612,1024,1,1
15572,215533,899,,3
15573,180344,925,1,1
15574,159171,1031,1,1
15575,159171,914,0,2
15576,193423,971,1,1
15577,193422,932,,3
15578,159171,901,,3
15580,170295,983,0,2
15582,230612,937,1,1
15583,180344,881,1,1
15585,159171,1017,1,1
15588,221571,937,1,1
15590,221571,766,0,2
15591,221571,917,1,1
15592,209510,919,,3
15593,221574,796,0,2
15594,209510,952,,3
15596,221571,860,1,1
15597,221571,794,,3
15598,221571,881,1,1
15599,221571,839,0,2
15600,221571,834,0,2
15601,208501,903,1,1
15602,209510,894,,3
15603,212522,868,0,2
15604,225585,947,0,2
15605,176329,924,,3
15606,231616,959,,3
15607,162184,904,0,2
15608,231616,947,1,1
15609,231616,947,1,1
15610,230612,1004,1,1
15611,162184,895,,3
15612,261927,909,0,2
15613,130085,1017,,3
15615,234628,1053,1,1
15616,234628,903,0,2
15617,234628,870,,3
15618,234628,953,1,1
15619,164198,949,1,1
15622,123056,937,,3
15625,244776,967,1,1
15626,166203,912,0,2
15627,244818,905,0,2
15628,244774,872,1,1
15629,244745,1024,1,1
15630,244831,933,0,2
15631,244776,789,1,1
15632,244776,806,1,1
15633,244774,842,,3
15634,244818,780,,3
15635,244755,1140,1,1
15636,244799,946,,3
15638,244806,957,,3
15639,244723,847,,3
15640,215533,876,1,1
15641,244697,804,,3
15642,244727,832,,3
15645,244727,895,,3
15647,230612,987,0,2
15648,244697,857,0,2
15650,244776,837,,3
15651,244745,1027,1,1
15653,244755,921,,3
15654,252885,909,0,2
15655,252885,944,0,2
15656,252885,952,0,2
15658,216536,958,0,2
15659,216536,933,0,2
15660,216536,888,,3
15661,257905,944,,3
15662,253888,867,,3
15663,257899,841,,3
15665,257905,933,1,1
15666,257905,915,0,2
15668,257905,889,,3
15669,257899,886,,3
15670,257905,902,,3
15672,253888,1039,,3
15673,257899,973,0,2
15674,257905,820,,3
15675,257899,915,,3
15676,257905,874,0,2
15677,257899,975,0,2
15678,253888,953,,3
15679,257905,951,0,2
15680,257905,873,0,2
15681,257905,863,0,2
15682,257905,922,,3
15683,257905,986,0,2
15684,257905,997,,3
15685,257905,939,1,1
15686,257899,928,0,2
15687,257905,890,1,1
15688,257899,948,0,2
15689,261927,967,0,2
15690,261927,1052,0,2
15691,221574,894,0,2
15692,221574,871,1,1
15693,216536,930,0,2
15695,112038,813,1,1
15697,130085,895,0,2
15699,130085,877,1,1
15701,128068,934,,3
15702,130085,869,1,1
15703,130085,978,1,1
15704,128068,919,,3
15705,130085,887,0,2
15706,205492,1144,1,1
15707,130085,784,1,1
15709,257905,847,0,2
15710,161183,850,,3
15711,161176,920,1,1
15712,161183,839,0,2
15713,161183,937,0,2
15714,161183,1010,1,1
15715,161183,983,0,2
15716,161176,935,,3
15717,161176,902,0,2
15718,161183,1033,0,2
15719,161176,952,0,2
15720,162184,914,,3
15721,166203,1010,1,1
15722,166203,1105,1,1
15724,166203,883,1,1
15725,166203,912,1,1
15726,112038,807,0,2
15727,165199,854,,3
15728,166203,865,0,2
15729,259915,961,0,2
15730,123056,918,1,1
15731,168214,1028,,3
15732,208503,917,1,1
15733,208503,917,,3
15734,168211,869,,3
15736,259915,971,1,1
15737,168214,940,0,2
15738,259915,842,0,2
15740,168211,999,1,1
15742,162184,945,0,2
15743,168211,914,,3
15744,259915,872,1,1
15747,161183,1104,1,1
15748,169229,969,,3
15750,169219,862,,3
15751,264945,987,,3
15753,169229,989,1,1
15754,169229,1022,1,1
15755,264945,975,,3
15756,169229,905,,3
15757,169219,923,0,2
15758,189378,875,0,2
15760,264945,970,,3
15761,169219,944,,3
15763,201449,1073,,3
15764,201449,891,0,2
15766,169219,854,0,2
15768,264945,971,0,2
15770,169229,1005,0,2
15771,169219,905,0,2
15772,209510,827,0,2
15773,264945,961,,3
15776,169231,878,0,2
15777,264945,978,1,1
15778,264945,1007,,3
15780,169231,876,0,2
15781,264945,932,1,1
15782,216536,860,,3
15783,169280,902,1,1
15786,262937,1206,0,2
15787,201449,984,,3
15788,169231,862,1,1
15789,169231,875,,3
15790,209510,872,0,2
15791,173312,1039,1,1
15792,173312,815,,3
15793,193422,970,,3
15794,173312,943,1,1
15797,180344,947,1,1
15798,180344,886,,3
15799,180344,1004,0,2
15801,203457,954,0,2
15802,234628,1044,,3
15803,203457,887,1,1
15805,203452,926,,3
15806,234628,949,,3
15807,189378,924,1,1
15808,189382,983,0,2
15810,189396,939,0,2
15812,189396,842,0,2
15813,189382,911,0,2
15815,189396,916,1,1
15817,257899,893,0,2
15818,189382,971,,3
15819,189378,889,1,1
15820,189378,926,1,1
15821,189396,880,,3
15822,189396,861,,3
15824,189396,828,,3
15826,189382,921,0,2
15828,203457,980,0,2
15829,230612,931,0,2
15831,170295,1022,0,2
15832,170295,851,,3
15833,221574,789,,3
15834,201449,898,,3
15835,201449,976,1,1
15837,162184,872,,3
15838,203452,1067,1,1
15839,203452,863,,3
15840,203457,946,1,1
15841,203452,852,1,1
15842,212522,1087,1,1
15843,128079,832,0,2
15844,128079,885,0,2
15845,205492,875,,3
15846,191411,1073,0,2
15848,161183,1018,,3
15851,205491,949,0,2
15852,161183,884,0,2
15853,234628,908,0,2
15856,205490,907,1,1
15857,212522,908,,3
15860,161183,1100,1,1
15861,130085,907,1,1
15862,205489,947,1,1
15863,205492,888,,3
15864,205490,809,0,2
15865,205492,886,,3
15866,205490,785,0,2
15867,130085,789,1,1
15868,205488,936,0,2
15870,128068,879,1,1
15871,205491,1004,0,2
15872,128068,841,0,2
15873,205491,1008,1,1
15874,212522,1031,1,1
15875,205492,1144,0,2
15876,203457,918,,3
15877,203457,918,,3
15878,205492,920,0,2
15879,212522,930,,3
15880,244776,877,0,2
15882,130085,929,1,1
15883,208501,887,0,2
15884,208503,903,0,2
15885,208501,897,0,2
15886,208503,851,1,1
15887,230612,957,,3
15889,208501,866,,3
15892,208503,854,0,2
15893,208501,936,1,1
15894,208501,917,1,1
15895,221571,814,0,2
15896,208501,918,1,1
15898,209510,998,,3
15901,212522,914,,3
15902,215533,1042,0,2
15903,215533,1100,,3
15905,215533,1046,,3
15906,193422,952,,3
15907,193422,920,,3
15908,193422,884,0,2
15909,216536,934,0,2
15911,193422,855,0,2
15912,180344,832,1,1
15913,193423,924,0,2
15914,159171,1057,0,2
15916,180344,957,,3
15917,215533,934,,3
15918,180344,966,1,1
15919,159171,1000,0,2
15920,215533,826,,3
15921,159171,961,1,1
15922,170295,879,1,1
15923,170295,837,1,1
15924,230612,940,0,2
15926,170295,937,,3
15927,159171,881,1,1
15928,221574,912,0,2
15931,221571,853,0,2
15932,221571,823,1,1
15934,209510,909,0,2
15935,221571,816,0,2
15936,208503,931,,3
15937,209510,918,,3
15938,230612,789,0,2
15939,221574,761,,3
15940,221571,796,,3
15941,212522,952,1,1
15942,201449,891,,3
15943,225585,934,,3
15944,225585,794,0,2
15945,201449,993,1,1
15947,225585,801,0,2
15949,225585,878,0,2
15950,225585,878,0,2
15951,225585,836,1,1
15952,225585,981,1,1
15953,225585,856,0,2
15954,228606,797,0,2
15955,228606,882,1,1
15956,231616,910,,3
15957,261927,970,,3
15960,261927,930,1,1
15962,261927,898,0,2
15963,234628,923,,3
15964,168211,875,1,1
15965,168211,898,1,1
15966,244799,856,0,2
15967,244727,891,,3
15969,193422,924,1,1
15970,166203,962,1,1
15971,218562,924,1,1
15972,218562,847,1,1
15973,218562,894,1,1
15974,218562,811,1,1
15975,244764,861,1,1
15976,169219,994,0,2
15977,244818,953,0,2
15978,244723,799,,3
15980,244796,872,1,1
15981,244745,941,,3
15983,244776,967,0,2
15984,244708,846,,3
15985,244776,862,1,1
15986,244764,881,1,1
15987,244728,897,,3
15988,244723,831,,3
15989,244697,863,,3
15990,244727,787,0,2
15991,244839,890,1,1
15992,228606,903,,3
15996,244806,954,,3
15997,128079,881,0,2
15999,244697,855,,3
16000,244708,780,0,2
16001,244801,891,1,1
16002,244728,881,,3
16003,244776,979,0,2
16004,244776,928,0,2
16007,244697,857,,3
16008,244818,906,0,2
16009,244708,905,0,2
16011,244697,869,1,1
16012,244755,841,,3
16014,244839,1022,1,1
16016,244697,899,,3
16017,244831,842,1,1
16020,244723,862,0,2
16021,244755,868,,3
16025,252885,871,0,2
16026,252885,1013,0,2
16028,259915,930,,3
16030,259915,912,0,2
16031,252885,924,,3
16032,252885,954,,3
16033,165199,1116,1,1
16036,257905,961,,3
16037,257899,865,,3
16038,257905,1000,0,2
16039,257899,999,1,1
16040,257899,864,1,1
16041,257905,954,1,1
16042,257899,926,,3
16044,257905,910,,3
16046,257905,970,,3
16047,257905,905,1,1
16048,257905,905,0,2
16049,257899,906,1,1
16050,257905,935,,3
16051,253888,869,,3
16053,257905,874,1,1
16054,257905,881,0,2
16056,259915,961,,3
16057,193422,915,,3
16059,221574,854,1,1
16060,216536,908,1,1
16061,252885,953,,3
16062,161183,958,0,2
16063,212522,909,,3
16064,234628,954,0,2
16065,112038,809,1,1
16066,166203,837,,3
16067,112038,824,0,2
16068,128076,941,,3
16069,130085,858,,3
16070,128068,987,1,1
16071,128068,883,,3
16072,128076,870,,3
16074,128076,939,1,1
16075,169229,957,,3
16076,159171,961,,3
16078,159171,1068,0,2
16079,161183,921,,3
16080,161183,992,1,1
16081,161176,816,,3
16082,161176,870,1,1
16084,162184,837,,3
16085,112038,898,0,2
16087,164198,870,,3
16089,164198,876,1,1
16090,165199,1009,1,1
16091,164198,908,,3
16092,166203,829,0,2
16093,168211,854,,3
16094,168214,880,0,2
16096,123056,906,1,1
16097,168211,822,1,1
16099,168211,862,,3
16100,168214,1034,1,1
16102,168214,988,,3
16104,168211,906,1,1
16105,123056,919,0,2
16106,234628,903,1,1
16107,168211,820,1,1
16108,168211,936,,3
16109,168211,903,0,2
16110,169219,896,,3
16111,252885,973,1,1
16113,264945,958,1,1
16114,201449,997,,3
16118,112038,864,0,2
16119,112038,864,,3
16120,169229,915,,3
16125,209510,893,0,2
16126,169280,839,,3
16127,169231,931,,3
16128,201449,837,0,2
16129,169229,1023,0,2
16130,169280,947,0,2
16131,225585,975,0,2
16132,264945,1079,1,1
16136,191411,883,1,1
16137,169231,889,,3
16139,169280,968,0,2
16142,264945,851,,3
16143,169280,886,,3
16145,201449,990,1,1
16146,169229,1000,,3
16147,169229,828,,3
16148,169231,873,,3
16149,262937,940,1,1
16150,252885,952,0,2
16152,169229,895,0,2
16153,169229,1144,1,1
16154,262937,987,0,2
16156,264945,986,,3
16157,169219,912,,3
16158,169231,815,1,1
16159,170295,1003,0,2
16161,180344,875,,3
16162,173312,1082,,3
16164,173312,950,0,2
16165,166203,816,,3
16166,166203,847,,3
16168,180344,931,1,1
16169,180344,860,,3
16170,180344,871,0,2
16171,208501,890,1,1
16172,180344,1008,,3
16173,203457,936,,3
16174,203457,932,1,1
16175,203452,920,,3
16176,205492,962,1,1
16178,189382,899,1,1
16179,189378,900,,3
16180,189396,902,0,2
16181,189382,971,,3
16182,189378,950,0,2
16184,218562,903,0,2
16185,168211,831,,3
16186,123056,973,1,1
16187,189382,944,1,1
16188,189378,890,,3
16189,189382,1203,,3
16190,189396,847,,3
16191,189378,898,1,1
16192,189382,841,1,1
16193,189382,1053,,3
16195,218562,856,,3
16196,218562,1092,,3
16197,205489,936,1,1
16200,189382,913,,3
16201,191411,983,1,1
16202,191411,876,,3
16203,191411,821,,3
16204,170295,945,,3
16205,230612,1038,,3
16206,170295,864,,3
16207,170295,839,,3
16208,215533,853,1,1
16210,201449,993,1,1
16211,201449,996,1,1
16212,162184,887,0,2
16213,203452,901,1,1
16214,203452,899,1,1
16216,203452,821,0,2
16217,203457,950,0,2
16218,203452,906,0,2
16219,205492,916,0,2
16220,161183,981,,3
16221,161183,1116,1,1
16222,161176,862,1,1
16223,205488,901,,3
16224,205489,1021,1,1
16226,130085,819,,3
16227,205488,956,0,2
16228,205492,850,1,1
16229,205491,912,1,1
16230,203452,887,,3
16231,257899,837,1,1
16232,234628,925,0,2
16233,128079,813,0,2
16234,128068,929,0,2
16235,205489,887,,3
16236,130085,902,0,2
16237,128076,842,,3
16238,212522,821,1,1
16239,128079,1113,1,1
16240,161183,937,,3
16241,205492,947,0,2
16242,205488,841,,3
16243,205490,842,1,1
16244,128068,811,0,2
16245,205490,825,0,2
16246,128076,881,1,1
16247,128079,911,,3
16248,205490,800,,3
16249,208503,898,0,2
16250,208501,852,1,1
16251,208503,940,1,1
16252,208501,898,,3
16254,208503,831,,3
16255,208503,896,0,2
16256,208501,904,1,1
16259,259915,859,1,1
16260,221571,809,1,1
16261,259915,996,,3
16262,193423,944,,3
16263,209510,952,,3
16266,208501,916,1,1
16267,208501,973,1,1
16268,259915,857,1,1
16269,208501,941,1,1
16271,230612,980,1,1
16272,209510,933,,3
16273,209510,870,,3
16274,209510,904,1,1
16277,212522,832,1,1
16278,264945,970,1,1
16279,218562,826,,3
16280,228606,1046,1,1
16281,215533,1005,0,2
16282,215533,964,,3
16283,193423,874,0,2
16284,216536,878,0,2
16285,159171,921,1,1
16286,259915,917,,3
16287,159171,1046,0,2
16288,159171,931,,3
16289,159171,968,1,1
16290,159171,958,,3
16291,193423,965,1,1
16292,159171,1023,0,2
16293,159171,1050,0,2
16294,180344,892,0,2
16295,180344,925,,3
16297,193423,957,1,1
16298,215533,950,1,1
16300,159171,994,0,2
16302,159171,1181,0,2
16304,193422,1022,0,2
16305,193423,839,1,1
16306,170295,936,,3
16307,221571,790,,3
16308,221571,789,1,1
16309,221571,805,0,2
16310,221571,780,1,1
16312,221574,879,,3
16313,209510,983,1,1
16314,221571,930,0,2
16315,221571,767,,3
16317,209510,820,,3
16318,221574,934,1,1
16320,225585,979,0,2
16321,225585,944,,3
16322,225585,936,1,1
16325,225585,903,1,1
16326,225585,1067,0,2
16327,162184,862,,3
16328,231616,852,1,1
16329,231616,987,,3
16330,261927,939,,3
16332,261927,931,,3
16333,261927,939,0,2
16334,261927,884,,3
16335,162184,851,1,1
16336,261927,960,1,1
16337,231616,1051,1,1
16338,261927,913,1,1
16339,234628,1017,1,1
16340,189396,885,1,1
16341,208501,962,,3
16343,169229,890,1,1
16344,261927,870,0,2
16345,168211,978,,3
16346,244776,829,,3
16347,169229,991,0,2
16349,244831,1046,1,1
16350,244774,956,1,1
16352,244818,920,0,2
16353,259915,916,0,2
16354,259915,924,1,1
16355,244723,831,,3
16357,208501,923,1,1
16358,208503,906,1,1
16359,244774,900,0,2
16360,244774,950,0,2
16361,244831,949,1,1
16362,244799,1001,1,1
16363,244697,853,,3
16366,244728,846,,3
16367,215533,999,0,2
16368,244780,996,1,1
16369,244697,803,0,2
16371,244697,875,,3
16372,244728,787,1,1
16374,244818,975,,3
16377,244745,949,,3
16378,244745,1044,1,1
16379,244774,869,,3
16381,244764,890,,3
16382,244806,839,0,2
16383,244818,937,,3
16384,244728,816,1,1
16385,193422,968,1,1
16387,244723,855,,3
16388,244728,845,,3
16390,244764,896,,3
16391,244745,956,,3
16392,244727,875,1,1
16396,244776,897,0,2
16397,244746,1097,1,1
16398,244806,1031,0,2
16400,244806,998,0,2
16401,244708,847,,3
16402,244755,859,0,2
16404,252885,847,0,2
16405,252885,1010,0,2
16406,216536,889,,3
16407,216536,872,0,2
16408,216536,814,1,1
16410,252885,848,0,2
16412,252885,871,0,2
16413,169280,845,1,1
16414,252885,1008,0,2
16415,257899,1031,0,2
16416,257905,972,,3
16418,253888,895,0,2
16419,257905,933,,3
16420,253888,926,,3
16421,257899,846,1,1
16422,257899,908,0,2
16423,257905,1081,0,2
16424,257905,969,1,1
16425,257905,917,1,1
16426,257905,942,1,1
16428,253888,868,,3
16429,257905,799,0,2
16430,253888,870,0,2
16431,257899,831,0,2
16432,257899,836,0,2
16435,257905,810,,3
16436,244818,856,,3
16437,257905,872,1,1
16438,193422,813,0,2
16439,166203,865,,3
16440,228606,882,,3
16441,261927,942,0,2
16442,261927,936,0,2
16443,221574,800,,3
16444,212522,971,0,2
16445,205490,868,,3
16447,112038,877,,3
16449,221574,897,1,1
16450,112038,817,1,1
16451,123056,894,,3
16452,123056,839,0,2
16453,128068,863,1,1
16455,130085,945,,3
16456,128076,851,0,2
16457,130085,908,1,1
16458,128079,815,,3
16459,130085,924,,3
16460,128068,862,0,2
16461,130085,948,,3
16462,130085,905,0,2
16464,234628,959,1,1
16465,205488,884,1,1
16468,161183,950,0,2
16469,161183,1010,1,1
16472,166203,945,,3
16473,166203,826,1,1
16477,164198,939,,3
16478,165199,1048,0,2
16479,164198,837,0,2
16480,164198,872,,3
16481,165199,857,,3
16482,164198,1060,,3
16483,168214,870,,3
16484,123056,834,1,1
16485,168211,1031,1,1
16486,168214,914,1,1
16487,176329,900,1,1
16488,176329,953,1,1
16489,168214,933,0,2
16490,123056,930,,3
16491,234628,928,,3
16492,123056,890,1,1
16494,168214,971,,3
16495,168211,830,,3
16499,169229,994,1,1
16500,169280,1156,,3
16502,169231,945,1,1
16503,264945,962,,3
16504,165199,1048,0,2
16505,169280,937,0,2
16507,169229,1037,1,1
16508,252885,944,0,2
16509,262937,896,0,2
16512,201449,941,,3
16513,169229,808,,3
16515,169219,785,0,2
16516,169229,954,,3
16517,169229,1015,1,1
16518,169219,996,,3
16520,169219,1050,1,1
16521,169229,899,,3
16524,169280,976,0,2
16525,169219,922,,3
16526,169231,835,0,2
16527,264945,964,1,1
16529,169231,823,1,1
16530,231616,861,0,2
16531,169280,932,,3
16534,264945,992,1,1
16536,216536,878,1,1
16537,169229,1074,1,1
16538,169229,821,0,2
16542,212522,888,,3
16543,165199,942,0,2
16545,169229,1032,1,1
16546,193422,954,0,2
16547,169280,1058,,3
16548,169231,819,1,1
16549,169229,1105,1,1
16552,169229,927,,3
16553,201449,956,0,2
16554,201449,962,0,2
16555,180344,991,,3
16556,173312,869,0,2
16557,244745,979,,3
16558,189378,960,1,1
16560,244801,847,0,2
16563,180344,864,1,1
16564,191411,905,0,2
16567,203452,862,,3
16568,128079,847,0,2
16569,203452,944,0,2
16570,203457,920,,3
16571,203457,1020,,3
16573,189396,881,,3
16574,234628,957,1,1
16575,189396,910,,3
16576,218562,807,1,1
16577,130085,891,1,1
16578,189396,834,0,2
16579,189396,960,,3
16580,189378,912,1,1
16581,189396,880,0,2
16582,189396,851,0,2
16583,189378,889,1,1
16584,189382,956,,3
16589,189382,932,0,2
16590,189382,890,0,2
16591,218562,944,,3
16592,173312,851,,3
16594,225585,859,0,2
16595,201449,894,0,2
16596,201449,957,1,1
16598,203452,878,,3
16600,203452,909,1,1
16601,205489,1079,1,1
16602,161183,1036,1,1
16603,205492,1037,1,1
16604,128068,918,0,2
16605,205488,862,,3
16606,128079,903,1,1
16607,205492,963,0,2
16608,212522,1043,,3
16609,205490,861,1,1
16610,205492,899,1,1
16611,205490,789,1,1
16612,205492,882,,3
16614,212522,909,0,2
16615,244746,884,0,2
16616,205491,865,,3
16617,205488,906,,3
16618,130085,831,0,2
16619,205492,865,,3
16621,234628,929,,3
16622,205490,796,0,2
16623,212522,829,,3
16624,203452,949,0,2
16625,205492,912,,3
16627,208503,868,0,2
16628,259915,859,0,2
16630,221571,868,0,2
16631,208501,1042,0,2
16632,259915,857,,3
16633,208503,1010,1,1
16634,259915,887,0,2
16635,230612,940,1,1
16636,209510,903,1,1
16637,209510,910,1,1
16638,212522,978,1,1
16639,128076,949,0,2
16640,193423,920,0,2
16641,215533,1004,1,1
16642,215533,1043,0,2
16643,193422,897,1,1
16644,215533,954,,3
16645,215533,1092,,3
16646,215533,989,,3
16647,215533,1031,1,1
16648,215533,801,1,1
16649,215533,996,0,2
16650,193423,747,1,1
16651,215533,967,0,2
16653,231616,945,0,2
16654,216536,1033,,3
16655,180344,924,,3
16656,180344,923,0,2
16657,170295,821,1,1
16658,159171,949,1,1
16659,170295,1016,0,2
16660,215533,851,,3
16662,159171,932,1,1
16663,205491,942,0,2
16664,170295,1012,0,2
16665,159171,947,0,2
16666,170295,848,1,1
16667,193422,933,1,1
16668,170295,914,1,1
16669,215533,880,1,1
16670,180344,891,0,2
16671,193422,959,,3
16672,180344,879,1,1
16674,170295,1003,1,1
16676,159171,905,0,2
16678,193422,945,0,2
16679,201449,997,0,2
16680,209510,932,0,2
16681,221571,815,0,2
16683,230612,1002,1,1
16684,221571,817,0,2
16685,209510,1066,1,1
16687,221574,841,0,2
16688,221571,859,1,1
16689,209510,858,0,2
16695,259915,896,,3
16696,259915,910,,3
16697,225585,883,1,1
16698,225585,955,0,2
16699,161183,870,1,1
16701,231616,922,0,2
16702,231616,896,0,2
16703,231616,981,1,1
16704,162184,869,,3
16705,231616,959,,3
16706,231616,968,,3
16708,209510,834,,3
16709,261927,927,,3
16710,176329,959,0,2
16711,176329,959,0,2
16712,162184,847,0,2
16713,189378,868,0,2
16714,261927,892,1,1
16715,168214,827,,3
16716,261927,850,0,2
16717,168214,921,0,2
16718,162184,951,,3
16719,234628,886,1,1
16720,189396,898,,3
16721,234628,1002,0,2
16723,234628,923,,3
16724,212522,856,,3
16725,234628,881,,3
16727,165199,962,,3
16728,123056,976,0,2
16729,215533,1074,1,1
16730,244796,839,1,1
16731,244776,848,0,2
16732,244728,895,0,2
16733,244745,949,1,1
16734,244839,1073,,3
16735,244745,948,0,2
16736,193422,936,0,2
16737,244746,879,0,2
16738,244799,890,1,1
16739,244697,907,1,1
16741,244764,870,,3
16742,244776,815,0,2
16743,244764,849,1,1
16744,244697,899,1,1
16745,244801,889,0,2
16746,244723,918,,3
16747,244839,953,0,2
16748,244776,757,,3
16749,244736,1065,1,1
16750,244697,864,,3
16751,244746,842,0,2
16753,244796,1015,,3
16754,244839,876,0,2
16756,244723,851,1,1
16757,244776,960,1,1
16759,244745,989,,3
16761,244697,891,1,1
16762,244801,992,0,2
16764,244818,875,0,2
16765,244697,820,0,2
16766,244774,782,0,2
16767,244727,870,,3
16768,244774,923,1,1
16769,244799,876,,3
16770,244697,854,,3
16771,244799,831,,3
16772,244746,876,0,2
16773,244806,950,1,1
16774,244776,897,1,1
16776,244727,937,0,2
16777,244736,896,1,1
16778,244723,971,1,1
16781,252885,889,,3
16782,252885,868,0,2
16783,252885,881,0,2
16784,216536,791,0,2
16785,252885,935,,3
16786,216536,949,,3
16788,252885,903,0,2
16789,252885,818,0,2
16790,252885,911,0,2
16792,252885,950,0,2
16794,252885,894,0,2
16795,216536,787,,3
16796,264945,925,,3
16797,216536,820,1,1
16798,257899,894,0,2
16799,257905,950,1,1
16800,257899,842,0,2
16801,257899,877,0,2
16802,253888,892,0,2
16803,257905,848,0,2
16804,257899,898,1,1
16805,257905,911,,3
16806,257905,917,0,2
16807,257905,924,,3
16808,257899,844,1,1
16809,257905,933,0,2
16810,257905,993,,3
16811,257905,910,1,1
16813,170295,861,1,1
16814,261927,1034,0,2
16816,221574,882,,3
16817,221574,900,,3
16818,234628,911,1,1
16819,264945,903,,3
16820,234628,886,,3
16821,205491,862,,3
16822,244806,960,,3
16823,112038,884,0,2
16824,112038,845,0,2
16826,112038,844,0,2
16828,130085,915,,3
16829,128076,915,0,2
16831,130085,869,0,2
16832,128079,800,0,2
16833,128076,904,0,2
16834,128079,886,,3
16835,130085,947,1,1
16836,257899,1002,,3
16837,128076,907,0,2
16838,128068,926,0,2
16839,128076,877,,3
16840,128079,822,0,2
16841,128079,785,0,2
16842,130085,856,,3
16843,161183,873,,3
16844,203457,927,1,1
16845,164198,872,,3
16846,112038,860,1,1
16847,166203,986,1,1
16848,164198,825,,3
16850,164198,1031,1,1
16853,165199,884,,3
16854,168214,956,0,2
16855,168211,926,,3
16856,168211,802,1,1
16857,168211,989,,3
16858,212522,1019,0,2
16859,168211,936,0,2
16860,168214,905,,3
16861,168211,972,,3
16862,168211,836,,3
16863,234628,887,,3
16864,168211,847,1,1
16865,261927,841,0,2
16866,168211,854,1,1
16867,234628,805,1,1
16868,168211,866,1,1
16869,169231,800,0,2
16870,262937,963,1,1
16871,169231,864,,3
16872,169219,940,1,1
16874,169229,955,,3
16875,264945,946,0,2
16876,264945,979,1,1
16878,169229,963,0,2
16879,209510,879,,3
16880,169231,770,0,2
16881,169229,1152,0,2
16882,169219,928,0,2
16884,262937,966,0,2
16886,264945,967,1,1
16887,264945,863,,3
16888,169231,851,1,1
16889,169229,943,0,2
16890,264945,879,0,2
16894,169280,934,0,2
16898,169229,890,0,2
16899,169229,960,1,1
16900,169280,953,1,1
16902,169231,919,,3
16903,169229,929,0,2
16904,169229,944,,3
16905,169280,868,0,2
16906,252885,905,,3
16909,230612,965,0,2
16910,201449,939,,3
16911,173312,992,0,2
16912,173312,921,0,2
16915,164198,820,0,2
16916,180344,901,1,1
16917,180344,900,,3
16920,191411,940,,3
16921,191411,877,1,1
16922,203457,911,,3
16923,191411,876,1,1
16924,189396,832,1,1
16925,189378,854,1,1
16927,189378,897,1,1
16928,189378,863,,3
16929,189382,886,,3
16930,189378,967,1,1
16931,189396,924,,3
16933,189382,947,0,2
16934,189378,903,0,2
16935,189378,911,0,2
16937,189378,841,0,2
16938,189378,885,,3
16942,191411,985,,3
16944,191411,978,,3
16945,170295,834,1,1
16947,205489,893,1,1
16948,225585,893,0,2
16949,244727,907,,3
16950,201449,899,0,2
16951,201449,966,,3
16952,201449,862,,3
16953,201449,983,,3
16954,203452,877,,3
16955,203452,878,1,1
16956,203452,829,1,1
16957,205488,875,1,1
16958,205492,1000,1,1
16959,161176,943,,3
16960,205492,988,1,1
16961,205492,808,,3
16962,205491,870,1,1
16963,205491,906,0,2
16964,205489,948,0,2
16965,205490,795,,3
16966,234628,957,,3
16967,128079,873,1,1
16968,128079,792,0,2
16969,205492,879,1,1
16970,189382,823,1,1
16971,205488,844,0,2
16973,205488,907,1,1
16974,205488,944,0,2
16975,128076,834,,3
16976,205492,891,,3
16977,234628,877,0,2
16978,205492,973,0,2
16979,208501,887,,3
16980,208501,910,,3
16981,208503,821,,3
16982,259915,903,,3
16983,259915,865,0,2
16984,208501,903,1,1
16985,208503,815,,3
16987,208503,849,0,2
16988,208501,1000,1,1
16990,208503,847,0,2
16991,208503,816,,3
16992,208501,865,,3
16994,221571,862,0,2
16995,208503,943,0,2
16996,209510,932,1,1
16997,209510,879,,3
16998,221571,921,1,1
16999,209510,853,0,2
17001,169280,948,1,1
17002,212522,883,1,1
17003,212522,931,0,2
17004,215533,939,0,2
17006,215533,997,,3
17007,215533,1140,,3
17008,215533,964,0,2
17009,215533,860,,3
17010,159171,892,0,2
17011,159171,1042,0,2
17012,170295,914,1,1
17013,257899,953,1,1
17014,208503,926,,3
17015,159171,902,0,2
17016,215533,889,,3
17017,159171,954,1,1
17018,180344,885,0,2
17019,170295,933,0,2
17020,159171,953,,3
17021,215533,879,0,2
17022,180344,981,,3
17023,159171,1069,0,2
17024,159171,1031,0,2
17025,193422,911,,3
17027,230612,1052,,3
17030,221571,781,,3
17032,209510,868,1,1
17033,221571,834,1,1
17034,209510,881,0,2
17035,208501,963,,3
17036,209510,856,0,2
17038,221571,803,0,2
17040,209510,908,,3
17041,225585,841,0,2
17042,225585,870,0,2
17044,225585,839,1,1
17045,225585,947,0,2
17047,228606,1136,1,1
17049,228606,830,1,1
17051,228606,814,0,2
17052,228606,890,0,2
17053,231616,901,,3
17054,231616,1004,0,2
17055,231616,881,1,1
17056,230612,960,1,1
17057,230612,1029,1,1
17058,230612,962,0,2
17059,231616,867,0,2
17060,189396,865,,3
17062,234628,854,,3
17064,234628,952,,3
17067,164198,874,0,2
17068,244839,1126,0,2
17069,244831,796,0,2
17070,244745,935,0,2
17071,244736,975,0,2
17072,244774,810,1,1
17073,244774,874,1,1
17074,244831,878,,3
17076,244764,939,,3
17078,230612,950,1,1
17080,244697,852,,3
17083,244776,947,1,1
17084,257905,981,1,1
17086,244708,876,0,2
17087,193422,914,,3
17088,244839,1106,0,2
17089,244774,856,,3
17092,244745,937,0,2
17093,244831,897,,3
17095,244708,837,,3
17096,244839,1077,1,1
17097,244776,803,1,1
17099,244776,1016,0,2
17101,244776,911,0,2
17102,244776,856,,3
17103,244839,916,0,2
17105,244839,929,0,2
17106,244799,1010,1,1
17107,244745,854,0,2
17108,244776,1067,1,1
17112,244764,902,,3
17113,244736,911,,3
17114,244799,880,1,1
17115,244776,987,1,1
17116,244774,839,1,1
17117,244774,802,0,2
17119,244831,883,,3
17120,244755,823,,3
17123,244728,875,,3
17124,252885,966,0,2
17125,216536,957,1,1
17126,252885,893,,3
17127,252885,996,0,2
17128,257899,923,,3
17129,257899,876,0,2
17130,257899,837,0,2
17131,169219,1101,0,2
17132,216536,986,0,2
17133,216536,1073,,3
17134,216536,906,0,2
17135,244755,971,,3
17137,253888,950,0,2
17138,257905,939,,3
17140,257905,933,1,1
17141,257905,943,0,2
17143,253888,946,0,2
17144,257905,996,1,1
17145,257905,967,0,2
17148,261927,886,,3
17149,261927,849,,3
17150,221574,867,,3
17151,221574,929,,3
17152,234628,918,,3
17155,216536,911,0,2
17159,221571,756,,3
17160,130085,845,,3
17161,264945,914,,3
17162,264945,894,,3
17163,218562,878,,3
17164,189378,842,0,2
17166,189396,883,,3
17167,189396,829,0,2
17168,189378,816,,3
17169,234628,908,1,1
17170,189396,870,1,1
17171,189378,931,0,2
17173,189396,830,0,2
17174,189378,849,1,1
17175,189378,875,0,2
17179,123056,928,1,1
17181,189382,967,1,1
17182,189382,903,0,2
17183,189396,800,,3
17184,189378,866,0,2
17185,189382,899,,3
17186,189382,964,,3
17187,191411,893,,3
17188,212522,810,,3
17189,225585,827,0,2
17190,128076,858,1,1
17191,170295,967,0,2
17192,230612,888,,3
17193,225585,888,0,2
17194,225585,829,1,1
17195,225585,888,0,2
17198,168211,830,0,2
17200,261927,954,0,2
17201,234628,875,,3
17202,244776,971,1,1
17203,244697,909,1,1
17204,244755,1124,1,1
17205,244780,940,0,2
17206,244831,945,,3
17207,244806,907,0,2
17208,212522,946,0,2
17209,244728,918,,3
17210,244697,851,,3
17212,244745,980,,3
17213,244697,894,1,1
17214,244839,959,0,2
17215,244799,887,0,2
17216,244776,983,1,1
17218,244697,901,1,1
17219,244776,854,0,2
17220,244697,800,,3
17222,244697,821,,3
17224,244723,818,1,1
17226,244831,892,0,2
17228,244764,900,,3
17229,244776,881,,3
17230,244780,1087,,3
17232,216536,936,1,1
17233,169229,907,0,2
17235,257905,866,,3
17237,257905,949,,3
17238,257899,901,,3
17239,257905,1063,1,1
17240,216536,869,1,1
17242,168214,1020,0,2
17243,112038,814,1,1
17244,180344,831,1,1
17245,191411,920,,3
17246,191411,855,0,2
17248,215533,906,,3
17249,193423,1053,1,1
17250,193423,984,1,1
17251,193423,902,0,2
17252,193422,857,1,1
17254,215533,944,,3
17255,215533,1003,1,1
17256,193422,1002,1,1
17257,193423,959,,3
17260,244697,891,,3
17261,244728,922,,3
17262,244776,913,1,1
17263,244806,962,,3
17264,244806,984,0,2
17266,244806,1092,0,2
17267,244697,928,,3
17268,244723,974,1,1
17269,244708,938,,3
17271,244774,989,,3
17272,128068,814,0,2
17273,244780,1144,,3
17274,180344,884,,3
17275,203457,1027,1,1
17276,169229,868,1,1
17277,244746,859,0,2
17279,244723,852,0,2
17280,244806,1007,0,2
17281,244818,846,0,2
17282,244780,894,0,2
17284,244708,909,1,1
17286,244799,873,0,2
17287,244774,905,,3
17288,244806,1016,,3
17289,244806,1006,0,2
17292,257905,914,0,2
17293,189396,807,0,2
17295,205490,816,0,2
17296,162184,959,,3
17298,244796,851,0,2
17300,244723,825,,3
17301,244745,926,,3
17305,244806,995,0,2
17306,244806,1034,0,2
17307,244727,892,0,2
17308,244806,897,1,1
17309,244774,911,,3
17312,221574,849,1,1
17314,244806,947,,3
17315,203452,871,0,2
17317,221571,886,0,2
17318,244708,871,,3
17320,244697,907,,3
17321,244776,904,1,1
17322,244723,858,,3
17324,169280,842,0,2
17325,244818,1012,0,2
17326,244780,1077,,3
17327,244755,970,0,2
17328,244839,981,0,2
17329,201449,773,0,2
17331,244723,813,1,1
17332,212522,905,1,1
17333,244736,1044,,3
17334,244780,1156,,3
17335,244818,968,1,1
17336,244799,979,1,1
17338,244755,931,0,2
17339,244755,849,,3
17340,244745,924,1,1
17341,128079,863,0,2
17342,244806,1026,,3
17344,244806,1003,0,2
17345,225585,869,0,2
17346,128076,848,,3
17350,244839,1026,1,1
17351,161183,850,0,2
17352,169231,756,1,1
17353,244796,899,1,1
17354,244736,934,0,2
17355,244708,794,1,1
17356,244776,910,,3
17357,244799,889,1,1
17358,244818,844,1,1
17359,244697,847,,3
17360,244728,901,0,2
17361,244723,939,1,1
17362,130085,917,1,1
17363,161183,1058,0,2
17364,262937,888,1,1
17365,168211,929,1,1
17366,169231,892,0,2
17368,244776,937,1,1
17369,244774,904,,3
17370,244776,929,1,1
17371,205492,879,,3
17373,244774,849,0,2
17374,244727,1130,0,2
17375,244776,897,,3
17377,244755,837,0,2
17378,264945,980,0,2
17379,169229,962,1,1
17380,244723,966,,3
17381,244755,1002,0,2
17382,221571,807,1,1
17383,244776,782,1,1
17385,244818,978,0,2
17386,203452,866,,3
17387,244697,906,,3
17388,173312,834,0,2
17390,244774,914,0,2
17392,252885,971,1,1
17393,205491,919,,3
17394,169280,923,0,2
17396,244839,1121,0,2
17397,244728,815,,3
17398,244728,815,0,2
17399,244728,890,,3
17400,244774,900,1,1
17401,244736,926,0,2
17402,244776,830,,3
17403,205489,853,1,1
17404,244728,893,0,2
17405,203452,848,,3
17406,244697,844,1,1
17408,189396,842,0,2
17409,244806,994,0,2
17410,244806,994,1,1
17412,170295,976,,3
17413,244697,811,,3
17415,191411,865,,3
17416,244774,892,1,1
17417,205492,989,1,1
17418,244780,984,0,2
17419,169229,899,,3
17421,159171,898,1,1
17423,244727,831,0,2
17424,244776,981,1,1
17427,128068,955,,3
17428,244697,855,,3
17429,203457,929,,3
17430,221571,1253,1,1
17431,166203,878,0,2
17432,244839,916,1,1
17433,169219,999,0,2
17434,201449,937,0,2
17435,244806,936,0,2
17437,189396,996,1,1
17438,170295,885,,3
17439,201449,901,0,2
17440,203452,764,1,1
17442,128079,848,1,1
17444,208501,1049,0,2
17445,244776,1021,,3
17447,170295,915,1,1
17448,193422,990,0,2
17449,244818,910,0,2
17450,180344,895,,3
17451,161183,991,1,1
17452,180344,984,,3
17453,221574,928,,3
17454,231616,956,0,2
17455,244728,869,1,1
17457,244839,948,,3
17458,244723,834,0,2
17459,244764,863,,3
17460,189396,768,0,2
17461,257905,939,0,2
17462,244697,855,0,2
17463,244774,951,0,2
17464,244799,834,,3
17465,244745,937,,3
17466,244776,807,1,1
17467,244831,925,,3
17468,244723,920,,3
17469,244727,902,,3
17470,244745,992,,3
17472,244806,1074,0,2
17474,244755,924,0,2
17475,244708,856,1,1
17476,244780,1031,,3
17477,230612,1014,,3
17479,231616,1016,1,1
17480,244708,879,0,2
17482,244796,870,,3
17483,244708,773,,3
17484,244708,867,,3
17485,165199,948,0,2
17486,244708,849,,3
17490,244708,876,,3
17491,221571,898,1,1
17492,244708,846,,3
17493,244708,853,,3
17494,244755,1120,1,1
17495,244708,837,,3
17497,169229,931,0,2
17498,244796,873,1,1
17499,234628,968,,3
17500,244755,914,0,2
17501,244708,857,,3
17502,169229,954,,3
17507,205490,917,0,2
17511,244708,852,,3
17513,262937,1067,1,1
17514,244708,865,,3
17515,244708,810,,3
17516,244708,861,,3
17517,244708,827,,3
17519,244708,876,,3
17520,244708,870,,3
17521,244728,852,1,1
17523,244755,953,0,2
17526,170295,1023,0,2
17528,244723,795,,3
17530,244818,923,0,2
17531,244831,928,0,2
17532,244799,862,,3
17533,218562,1000,1,1
17534,257905,1009,1,1
17537,169280,889,,3
17538,244818,857,0,2
17539,231616,1057,,3
17540,189378,836,1,1
17541,244774,831,0,2
17543,244708,825,,3
17544,244723,912,1,1
17545,244839,884,0,2
17546,244780,1062,,3
17547,221571,857,0,2
17550,244746,924,1,1
17551,244780,994,1,1
17552,244736,968,0,2
17553,218562,905,,3
17554,173312,1057,,3
17556,244774,1014,1,1
17557,189396,852,,3
17559,221571,820,0,2
17560,169231,861,0,2
17561,244839,942,,3
17563,244818,832,0,2
17565,244776,922,1,1
17566,244774,862,1,1
17569,205488,899,1,1
17571,244776,917,0,2
17572,244736,841,0,2
17573,244723,815,,3
17575,234628,851,,3
17576,244755,997,0,2
17577,173312,966,0,2
17578,228606,895,,3
17579,212522,945,1,1
17580,244780,1029,,3
17582,244806,881,0,2
17584,244806,870,0,2
17585,244755,915,0,2
17586,244831,897,,3
17587,244746,993,1,1
17588,212522,942,0,2
17589,244708,855,,3
17590,244708,813,0,2
17591,180344,956,0,2
17592,244839,1073,1,1
17593,244780,856,,3
17595,228606,921,0,2
17596,244746,912,,3
17597,257899,884,1,1
17598,189378,805,1,1
17600,244806,983,,3
17602,244727,893,0,2
17605,201449,907,1,1
17606,173312,1028,1,1
17607,215533,832,0,2
17608,244831,841,0,2
17609,234628,908,,3
17610,205492,924,0,2
17611,169229,926,1,1
17612,244723,852,,3
17613,180344,961,,3
17614,257905,962,1,1
17615,209510,903,,3
17616,169280,918,1,1
17620,244708,839,,3
17621,244806,896,1,1
17622,244755,928,0,2
17623,215533,816,,3
17625,244799,898,,3
17626,261927,1018,0,2
17627,128076,846,,3
17628,244796,909,1,1
17629,130085,899,1,1
17630,128076,939,0,2
17631,205490,789,,3
17633,244801,797,0,2
17634,130085,912,0,2
17636,244831,871,,3
17641,244708,864,,3
17642,244708,828,,3
17643,201449,1011,1,1
17645,244708,916,,3
17647,203457,904,0,2
17649,257899,879,1,1
17650,234628,928,,3
17652,244708,869,,3
17653,244708,857,,3
17655,205489,921,1,1
17656,205489,929,0,2
17657,205491,871,1,1
17658,205490,913,0,2
17659,128079,839,0,2
17660,212522,978,1,1
17661,203452,912,,3
17662,166203,937,0,2
17663,244708,825,,3
17666,166203,886,1,1
17673,244727,847,,3
17677,259915,1008,,3
17678,244745,899,,3
17679,244745,846,,3
17681,244727,863,0,2
17687,244745,908,,3
17689,244796,854,0,2
17691,244796,929,0,2
17693,244776,857,,3
17694,180344,893,,3
17695,244728,786,1,1
17698,244799,901,1,1
17699,234628,951,1,1
17702,208503,879,1,1
17703,208503,789,0,2
17708,244796,889,,3
17709,169280,954,1,1
17715,259915,862,,3
17718,170295,881,1,1
17719,244708,948,,3
17722,262937,965,0,2
17723,262937,1056,0,2
17724,262937,1014,,3
17725,262937,944,,3
17726,221574,837,1,1
17727,208501,1027,1,1
17728,221571,800,0,2
17729,221571,770,0,2
17730,221571,768,,3
17731,221571,912,0,2
17732,244723,745,0,2
17733,244727,960,0,2
17734,244831,921,,3
17736,244755,902,,3
17737,244774,944,,3
17738,244776,983,1,1
17739,244776,943,1,1
17740,244796,870,1,1
17741,244796,826,0,2
17742,180344,860,,3
17744,169229,782,1,1
17745,169229,989,1,1
17746,169229,890,1,1
17747,169229,920,1,1
17748,165199,857,,3
17749,252885,970,,3
17750,231616,825,0,2
17751,205491,871,,3
17752,205491,894,,3
17753,218562,1038,,3
17755,218562,897,1,1
17756,218562,945,,3
17757,218562,885,,3
17758,218562,913,,3
17759,218562,923,1,1
17760,218562,951,1,1
17762,244755,878,,3
17763,244755,860,,3
17764,244801,911,1,1
17765,244801,835,1,1
17766,244801,916,1,1
17767,244801,844,1,1
17768,244801,874,1,1
17770,205490,885,0,2
17771,205492,948,1,1
17772,205492,921,,3
17773,205492,993,1,1
17774,205491,859,0,2
17775,128079,964,1,1
17776,168214,987,0,2
17777,225585,933,,3
17778,252885,971,,3
17779,259915,936,1,1
17780,244723,852,,3
17781,244776,855,1,1
17782,244776,816,0,2
17783,244746,842,,3
17784,244831,803,1,1
17785,244799,953,0,2
17786,244745,856,,3
17787,244736,945,0,2
17788,244736,807,0,2
17789,244728,856,0,2
17790,244697,813,0,2
17791,244806,847,1,1
17794,244723,811,,3
17803,201449,1008,0,2
17816,244708,835,1,1
17820,193423,964,0,2
17827,161183,879,0,2
17852,264945,882,,3
17853,169229,907,1,1
17870,189396,870,0,2
18105,244736,1017,1,1
18115,128068,863,1,1
18116,191411,944,,3
18119,130085,948,0,2
18120,205491,960,0,2
18123,244780,1140,,3
18124,244745,959,1,1
18127,244831,863,0,2
18128,168211,1069,0,2
18134,228606,921,1,1
18138,230612,1022,0,2
18139,253888,924,,3
18140,193423,1034,,3
18141,244697,891,,3
18142,257905,945,0,2
18143,257905,1061,,3
18148,203452,932,0,2
18151,244755,921,0,2
18155,203457,923,,3
18156,203457,949,0,2
18157,215533,909,0,2
18173,205490,850,0,2
18174,244755,898,,3
18175,159171,1033,1,1
18176,128068,1020,0,2
18179,161176,871,,3
18180,189382,947,0,2
18181,205492,963,1,1
18182,257905,852,0,2
18183,209510,886,1,1
18184,244839,829,1,1
18186,203452,1065,0,2
18188,159171,898,1,1
18189,205489,953,1,1
18190,244831,882,0,2
18191,262937,907,,3
18192,244806,999,0,2
18193,201449,878,0,2
18195,221574,832,1,1
18198,189396,936,0,2
18199,262937,1141,,3
18200,215533,961,0,2
18202,257905,1087,0,2
18205,205492,897,,3
18207,244755,927,0,2
18208,262937,907,1,1
18210,123056,870,0,2
18212,203457,949,,3
18213,173312,1105,,3
18214,253888,986,,3
18215,215533,1058,1,1
18216,244745,928,,3
18217,261927,975,,3
18218,244727,903,1,1
18219,216536,914,1,1
18220,212522,961,,3
18222,244806,962,1,1
18223,205489,892,1,1
18224,221574,836,0,2
18225,159171,974,0,2
18227,253888,892,1,1
18228,169229,911,,3
18229,244780,987,1,1
18230,262937,915,,3
18231,244697,842,1,1
18234,128079,852,0,2
18235,130085,914,,3
18236,205489,916,1,1
18238,130085,967,0,2
18239,253888,917,,3
18241,257899,949,1,1
18242,180344,865,1,1
18243,244839,1164,0,2
18244,180344,949,0,2
18245,169229,947,1,1
18247,169229,945,1,1
18248,208501,917,1,1
18249,257905,949,0,2
18253,244839,868,,3
18256,244755,867,,3
18257,244727,916,1,1
18258,244727,880,1,1
18259,162184,863,1,1
18261,212522,925,,3
18262,159171,1012,0,2
18263,257905,934,1,1
18264,262937,940,1,1
18265,209510,855,,3
18267,234628,901,,3
18271,257899,931,,3
18272,205488,905,,3
18273,189378,931,0,2
18278,228606,861,1,1
18279,244818,846,,3
18282,244780,942,0,2
18284,244745,1109,,3
18285,244774,847,,3
18290,244727,997,0,2
18292,244799,978,1,1
18293,244755,975,1,1
18295,203452,980,0,2
18299,244697,931,1,1
18300,166203,881,,3
18303,164198,824,,3
18305,205490,812,0,2
18306,244746,807,0,2
18307,169280,1034,,3
18308,262937,921,1,1
18309,262937,915,0,2
18310,262937,939,,3
18312,215533,900,0,2
18313,244818,957,,3
18314,244745,949,,3
18315,180344,826,,3
18316,244745,864,0,2
18317,169229,956,1,1
18319,166203,911,1,1
18320,170295,882,1,1
18321,257905,949,0,2
18324,257899,911,0,2
18325,128068,868,1,1
18326,128068,890,1,1
18327,252885,931,1,1
18362,162184,879,,3
18385,230612,1010,0,2
18389,244799,992,1,1
18394,162184,905,1,1
18514,244831,820,0,2
18516,180344,961,,3
18615,257905,928,0,2
18616,257905,956,1,1
18620,244839,989,1,1
18621,228606,1065,1,1
18626,130085,931,1,1
18631,168211,997,0,2
18633,244780,1082,,3
18634,215533,910,0,2
18635,262937,945,1,1
18637,215533,1116,,3
18640,244776,872,0,2
18641,209510,905,1,1
18642,244727,859,,3
18643,244799,864,1,1
18644,244746,986,0,2
18645,193423,809,1,1
18646,244818,894,0,2
18647,193422,1085,1,1
18648,244839,1014,1,1
18650,159171,1181,1,1
18651,173312,1003,1,1
18660,168211,907,1,1
18661,162184,939,0,2
18662,221571,818,1,1
18663,230612,959,,3
18664,244801,880,1,1
18665,189378,868,1,1
18666,244697,811,0,2
18667,162184,957,1,1
18669,221571,844,0,2
18671,180344,1007,,3
18672,189378,933,1,1
18673,112038,799,1,1
18675,221574,913,0,2
18676,244745,924,,3
18677,244839,1001,0,2
18681,161183,867,0,2
18683,205488,950,,3
18684,244818,808,0,2
18686,215533,976,1,1
18687,215533,1007,1,1
18688,193422,973,1,1
18689,244774,979,,3
18691,244697,777,0,2
18693,244697,877,1,1
18695,193423,960,1,1
18696,215533,1104,1,1
18699,168211,964,,3
18701,244745,998,1,1
18702,244776,933,,3
18703,244697,923,1,1
18704,244764,952,,3
18705,159171,1013,0,2
18706,262937,926,0,2
18707,161183,881,,3
18708,244723,851,,3
18710,244727,826,,3
18712,201449,1136,,3
18713,193422,952,,3
18714,244806,908,0,2
18715,244746,877,,3
18716,221571,816,0,2
18718,244806,891,1,1
18719,244801,820,1,1
18720,193423,973,,3
18721,201449,889,0,2
18722,244728,884,1,1
18723,215533,903,,3
18725,216536,859,0,2
18726,244745,981,,3
18727,128068,920,,3
18729,208503,868,1,1
18735,221571,874,1,1
18736,244764,884,1,1
18737,228606,852,1,1
18738,244780,896,0,2
18739,244801,954,0,2
18742,244776,1076,1,1
18744,262937,931,,3
18745,261927,887,0,2
18747,166203,796,0,2
18748,221571,816,0,2
18749,262937,925,,3
18750,189382,944,0,2
18751,130085,914,,3
18752,201449,1029,1,1
18753,264945,1065,,3
18756,261927,1008,1,1
18757,162184,954,1,1
18758,162184,883,1,1
18759,162184,894,1,1
18760,162184,940,0,2
18761,208501,917,1,1
18762,244818,881,0,2
18764,244745,917,,3
18765,244776,862,0,2
18766,244796,898,1,1
18767,180344,1094,0,2
18771,212522,922,1,1
18772,212522,922,,3
18773,128076,939,,3
18774,234628,933,,3
18775,244745,936,,3
18776,244728,843,0,2
18833,244806,903,,3
18839,262937,908,1,1
18857,166203,944,,3
18858,225585,834,0,2
18862,244746,927,,3
18863,244774,1067,,3
18864,166203,889,0,2
18865,244723,804,0,2
18866,244723,870,,3
18867,244723,834,,3
18868,244723,762,,3
18870,244774,928,,3
18871,244723,809,1,1
18873,244806,879,,3
18876,244736,819,,3
18879,244796,868,,3
18880,244723,967,1,1
18883,244755,1027,1,1
18884,112038,911,1,1
18887,261927,910,0,2
18889,261927,908,,3
18891,244723,820,0,2
18895,244746,952,,3
18896,244746,926,1,1
18897,244723,942,1,1
18898,244723,911,1,1
18899,209510,904,0,2
18900,244746,939,0,2
18903,244774,970,,3
18905,169229,888,,3
18906,225585,866,0,2
18907,244806,937,0,2
18909,166203,848,,3
18910,244796,862,0,2
18911,244746,894,,3
18912,244723,852,,3
18916,244723,837,1,1
18917,244723,831,,3
18924,244723,912,0,2
18927,225585,798,,3
18939,244774,939,1,1
18940,244831,944,,3
18942,244723,841,1,1
18949,244723,927,1,1
18952,244796,912,,3
18956,244755,1046,1,1
18957,244755,951,0,2
18958,244806,1034,,3
18959,225585,891,,3
18960,244831,983,1,1
18963,244776,831,1,1
18964,169219,966,,3
18966,166203,963,1,1
18970,225585,889,0,2
18971,244736,967,,3
18972,112038,920,,3
18973,244796,934,0,2
18976,244806,953,0,2
18978,244806,945,,3
18979,244727,960,1,1
18980,244774,946,1,1
18981,244755,887,,3
18982,244755,1096,1,1
18984,166203,1083,,3
18985,244796,837,1,1
18989,244755,873,,3
18991,225585,996,,3
19006,244780,996,0,2
19007,225585,911,1,1
19008,244723,961,1,1
19009,261927,881,0,2
19010,166203,870,,3
19013,244746,1023,1,1
19014,244746,897,1,1
19015,244723,867,1,1
19016,244723,934,1,1
19017,244796,934,,3
19018,244780,1014,0,2
19019,244839,978,1,1
19021,166203,820,1,1
19022,166203,893,0,2
19023,166203,939,0,2
19024,244796,952,0,2
19025,244796,908,,3
19026,244774,1006,,3
19040,244755,889,,3
19041,244723,834,0,2
19042,244728,890,0,2
19043,165199,809,,3
19044,244806,1092,,3
19046,244723,878,,3
19047,244723,834,0,2
19048,244774,1039,1,1
19049,244796,792,,3
19050,244723,879,0,2
19051,244746,884,0,2
19052,244736,953,,3
19053,169229,1067,,3
19054,244774,885,1,1
19055,244746,859,0,2
19056,244755,829,0,2
19060,244723,849,,3
19062,244774,942,,3
19063,244736,1019,1,1
19064,244806,839,,3
19065,244723,847,,3
19075,166203,919,,3
19076,244736,970,1,1
19077,112038,809,0,2
19078,112038,876,1,1
19080,244774,848,1,1
19081,244736,962,1,1
19083,244723,834,0,2
19084,244806,874,,3
19085,244736,1004,,3
19088,244806,934,,3
19090,244796,857,1,1
19092,244746,975,1,1
19094,168211,1033,0,2
19097,244723,821,0,2
19100,244736,899,1,1
19103,262937,940,1,1
19104,244746,880,1,1
19105,166203,853,1,1
19108,261927,827,0,2
19110,261927,835,0,2
19111,244723,836,,3
19112,244723,860,0,2
19114,244746,952,0,2
19115,244736,1028,,3
19116,244796,868,,3
19117,244723,868,,3
19118,244723,876,1,1
19119,244736,925,0,2
19120,244723,829,,3
19122,244831,875,0,2
19123,244723,895,1,1
19124,244774,902,,3
19125,244831,962,1,1
19127,244736,855,0,2
19128,244831,968,,3
19129,244755,1073,1,1
19130,244806,1063,0,2
19131,244723,856,0,2
19132,244755,816,,3
19133,244755,822,1,1
19134,244746,862,,3
19135,225585,929,0,2
19136,244746,968,1,1
19139,244727,927,1,1
19140,262937,933,1,1
19149,261927,892,0,2
19236,218562,947,0,2
19258,244708,887,1,1
19264,205488,886,,3
19274,244806,1016,,3
19282,262937,964,0,2
19283,262937,943,,3
19300,208503,883,0,2
19301,244723,892,,3
19316,205491,934,0,2
19329,168214,959,1,1
19390,261927,1114,,3
19397,169229,936,1,1
19430,234628,818,1,1
19431,221571,1034,0,2
19432,244745,917,,3
19433,244799,971,0,2
19435,257899,914,0,2
19437,159171,1018,1,1
19438,193422,1112,,3
19439,262937,1093,1,1
19444,228606,910,0,2
19449,193423,942,,3
19452,164198,1059,1,1
19456,169219,847,1,1
19457,205490,844,,3
19459,234628,899,0,2
19461,244831,878,0,2
19462,201449,961,0,2
19465,264945,1061,1,1
19466,244723,948,1,1
19467,165199,950,0,2
19468,264945,918,0,2
19469,159171,953,1,1
19470,161176,931,1,1
19474,264945,879,0,2
19475,221571,854,,3
19476,189378,877,,3
19477,244708,868,1,1
19478,244708,897,1,1
19479,259915,856,1,1
19481,205489,864,,3
19483,164198,964,0,2
19484,193423,870,,3
19485,244801,945,1,1
19486,189382,930,1,1
19487,262937,966,,3
19489,261927,823,0,2
19491,165199,886,,3
19496,173312,902,,3
19497,201449,1006,1,1
19501,244708,844,0,2
19502,244806,1039,,3
19503,244755,847,0,2
19504,244806,1019,0,2
19505,159171,1042,0,2
19507,205488,947,1,1
19509,128079,836,0,2
19510,244776,902,,3
19512,180344,803,,3
19514,165199,885,,3
19517,244799,873,0,2
19518,262937,944,1,1
19520,123056,844,,3
19522,161176,910,,3
19523,203452,916,1,1
19524,212522,919,1,1
19525,257899,824,0,2
19526,169231,923,0,2
19527,244776,836,1,1
19595,244806,951,1,1
19625,189378,894,,3
19660,169229,975,,3
19704,225585,899,1,1
19723,244806,994,,3
19761,221571,886,1,1
19774,262937,1093,,3
19782,168211,1030,0,2
19783,166203,908,0,2
19784,244745,991,,3
19786,189378,930,1,1
19787,189378,876,1,1
19790,264945,976,1,1
19791,205490,816,,3
19792,161183,992,,3
19793,257899,823,1,1
19794,244806,954,0,2
19795,257899,967,0,2
19798,244801,1093,1,1
19799,252885,902,,3
19804,244745,958,,3
19806,169231,902,1,1
19807,205489,869,1,1
19809,159171,967,,3
19810,166203,915,1,1
19812,189396,921,0,2
19813,189378,901,1,1
19814,221571,807,0,2
19816,244723,855,0,2
19817,253888,896,,3
19820,128076,928,0,2
19822,257899,892,,3
19823,257899,896,1,1
19824,161176,879,1,1
19826,189378,925,0,2
19827,203452,1121,1,1
19829,159171,900,0,2
19830,169219,941,0,2
19831,173312,917,1,1
19834,189378,871,,3
19835,189378,875,1,1
19838,244745,846,0,2
19839,161176,813,0,2
19840,205488,859,1,1
19866,225585,886,,3
19867,244831,952,1,1
19884,216536,919,0,2
19887,161183,867,,3
19895,231616,973,,3
19899,161176,886,1,1
19901,205491,850,,3
19902,216536,873,0,2
19912,164198,900,,3
20052,161176,952,1,1
20097,162184,889,0,2
20102,228606,958,1,1
20103,244745,923,0,2
20104,161176,914,1,1
20105,228606,1007,,3
20106,228606,1074,1,1
20108,244745,1000,0,2
20109,162184,805,1,1
20110,169219,1086,1,1
20111,228606,968,0,2
20112,228606,972,1,1
20113,228606,933,1,1
20114,257899,805,,3
20117,221574,879,0,2
20118,169219,1002,0,2
20119,162184,891,0,2
20120,161183,962,0,2
20121,161176,917,1,1
20122,161183,1054,,3
20123,169280,918,1,1
20124,203452,961,0,2
20125,161183,998,0,2
20126,264945,1014,0,2
20127,228606,919,1,1
20128,162184,847,,3
20129,161183,916,,3
20130,161176,831,0,2
20131,161176,844,,3
20132,161176,939,1,1
20133,161176,859,1,1
20134,205492,931,,3
20135,191411,916,0,2
20138,228606,1042,,3
20143,162184,879,,3
20144,123056,868,,3
20145,244799,970,1,1
20146,216536,889,0,2
20147,216536,888,0,2
20148,231616,1047,1,1
20149,161176,861,1,1
20150,161176,842,1,1
20151,161176,859,,3
20152,205491,881,1,1
20153,205491,888,,3
20154,205491,907,,3
20155,161183,878,,3
20156,161183,1050,1,1
20157,169229,1071,,3
20159,161176,918,0,2
20160,169229,939,,3
20162,161176,924,0,2
20164,161176,856,,3
20165,205489,851,,3
20167,128076,983,,3
20168,161183,824,0,2
20169,161183,997,,3
20170,205488,936,0,2
20171,159171,877,1,1
20172,168214,884,1,1
20173,161176,1017,1,1
20174,161176,870,,3
20175,161176,911,0,2
20176,205491,876,,3
20177,161183,901,0,2
20178,221571,849,0,2
20179,161183,1073,1,1
20180,161176,889,,3
20181,128076,935,1,1
20183,161183,942,,3
20184,216536,882,,3
20186,161176,981,1,1
20187,161183,997,0,2
20188,161183,991,0,2
20189,161176,947,,3
20190,228606,1094,1,1
20192,180344,1044,0,2
20193,162184,929,0,2
20194,216536,937,1,1
20195,161176,862,1,1
20196,161183,825,,3
20197,161176,940,,3
20198,161176,834,1,1
20199,225585,919,1,1
20200,244736,856,0,2
20201,216536,849,0,2
20202,161176,978,0,2
20203,161176,996,1,1
20204,161183,954,,3
20205,161176,879,0,2
20206,161183,826,0,2
20207,161183,968,0,2
20208,161176,949,,3
20209,161176,816,,3
20210,161176,822,0,2
20211,161183,997,1,1
20212,161176,928,0,2
20213,161183,862,1,1
20214,244727,857,,3
20215,228606,815,0,2
20217,161183,976,0,2
20218,161176,836,1,1
20219,161176,905,0,2
20220,162184,884,,3
20221,161183,860,0,2
20222,161176,886,,3
20223,161176,923,,3
20224,228606,828,0,2
20226,244764,873,,3
20227,161176,933,0,2
20228,231616,893,0,2
20229,162184,920,0,2
20230,161176,889,0,2
20231,161176,875,,3
20232,161176,859,1,1
20233,231616,1012,,3
20234,228606,1141,,3
20235,257899,997,1,1
20236,228606,924,,3
20237,228606,939,0,2
20238,228606,919,1,1
20240,228606,892,0,2
20241,244799,866,0,2
20242,228606,1034,0,2
20250,173312,912,0,2
20252,168211,993,,3
20254,162184,879,0,2
20255,162184,1022,0,2
20256,225585,897,,3
20257,228606,894,,3
20258,244745,928,,3
20259,216536,857,,3
20260,161176,1019,1,1
20261,161176,847,1,1
20262,161176,905,,3
20263,161176,816,0,2
20265,205489,832,,3
20266,205491,900,,3
20267,205492,943,0,2
20268,161183,915,,3
20269,161183,944,0,2
20270,161183,825,0,2
20271,161183,790,,3
20272,161183,956,0,2
20273,161183,896,1,1
20274,205488,906,0,2
20275,225585,947,,3
20276,244728,882,0,2
20323,193423,1043,0,2
20462,244755,824,0,2
20514,159171,956,,3
20519,205491,860,0,2
20520,130085,1003,1,1
20521,253888,935,1,1
20522,244801,976,0,2
20523,161176,895,1,1
20525,161176,942,1,1
20526,170295,1053,0,2
20527,257899,892,0,2
20529,128076,915,1,1
20530,203457,937,,3
20532,130085,928,1,1
20533,261927,979,0,2
20534,216536,895,1,1
20535,244745,951,1,1
20536,244801,942,1,1
20579,244776,847,1,1
20596,244774,825,1,1
20600,173312,871,0,2
20643,193422,989,0,2
20790,159171,905,,3
20793,205491,940,1,1
20799,221571,845,1,1
20801,257899,993,1,1
20802,205489,915,0,2
20803,216536,894,0,2
20805,244708,870,0,2
20813,244776,906,1,1
20814,257899,864,,3
20863,208501,798,,3
20864,208501,870,,3
20865,208501,815,,3
20866,161176,831,,3
20867,203452,852,,3
20868,230612,1087,0,2
20869,168214,973,1,1
20872,205488,921,0,2
20890,244776,929,0,2
20891,244780,973,0,2
20896,161176,822,,3
20947,208503,810,0,2
20956,262937,952,0,2
21002,262937,950,1,1
21034,162184,1229,0,2
21077,244755,923,1,1
21078,244755,839,0,2
21086,244755,831,0,2
21088,203457,909,1,1
21095,168211,990,0,2
21096,208503,1036,,3
21099,228606,1078,1,1
21100,164198,869,0,2
21101,193423,839,0,2
21102,234628,897,,3
21103,234628,904,1,1
21104,234628,944,1,1
21105,234628,1016,,3
21106,112038,866,0,2
21107,231616,1027,0,2
21108,231616,884,0,2
21109,231616,961,,3
21110,176329,910,1,1
21112,176329,1036,1,1
21113,176329,846,1,1
21114,176329,1123,1,1
21115,176329,937,1,1
21116,176329,901,,3
21117,176329,941,,3
21118,176329,1031,,3
21119,176329,890,,3
21120,176329,1073,0,2
21121,176329,1091,0,2
21122,176329,954,0,2
21123,176329,986,0,2
21124,176329,1017,0,2
21125,176329,1071,0,2
21126,176329,968,0,2
21127,176329,925,1,1
21128,176329,859,1,1
21129,203452,884,,3
21130,205489,768,0,2
21131,205489,916,,3
21132,205489,881,,3
21134,257899,933,1,1
21135,169231,903,0,2
21136,218562,964,0,2
21137,218562,971,0,2
21138,218562,996,1,1
21139,244806,983,0,2
21140,244801,931,,3
21141,244801,837,,3
21142,244708,868,,3
21143,244755,915,0,2
21144,244801,783,0,2
21145,244801,914,1,1
21146,244806,891,1,1
21147,205491,1034,1,1
21149,205492,923,0,2
21150,203457,912,0,2
21152,189396,796,,3
21153,161183,834,,3
21154,208501,868,1,1
21155,261927,921,1,1
21156,168211,891,,3
21158,168211,841,1,1
21159,216536,1011,1,1
21160,244776,931,1,1
21161,244776,905,,3
21162,180344,914,0,2
21163,244723,802,,3
21164,244708,825,,3
21165,257899,877,,3
21166,123056,921,,3
21169,259915,859,1,1
21170,193423,893,,3
21171,209510,981,1,1
21173,244818,948,0,2
21175,262937,982,1,1
21179,205488,905,1,1
21180,225585,921,0,2
21181,264945,989,0,2
21184,257905,956,0,2
21187,205491,914,1,1
21190,264945,978,,3
21191,212522,1036,1,1
21193,193423,989,,3
21197,205491,899,0,2
21198,264945,1004,,3
21200,191411,1028,1,1
21201,264945,894,,3
21202,112038,949,,3
21203,209510,891,1,1
21206,234628,934,1,1
21210,221574,1022,1,1
21213,209510,886,0,2
21215,168211,949,0,2
21216,264945,912,,3
21217,162184,876,1,1
21218,208503,890,,3
21219,208503,914,0,2
21220,208501,998,1,1
21221,159171,844,,3
21223,169219,938,0,2
21225,164198,963,0,2
21226,193423,921,1,1
21228,234628,966,,3
21229,112038,834,1,1
21231,128076,872,0,2
21232,231616,958,0,2
21233,231616,877,,3
21234,176329,929,1,1
21235,176329,898,1,1
21236,176329,1017,1,1
21237,176329,911,1,1
21238,176329,1022,1,1
21239,176329,1094,1,1
21240,176329,1044,1,1
21241,176329,892,1,1
21242,176329,1124,1,1
21243,176329,900,1,1
21244,176329,867,,3
21245,176329,918,,3
21246,176329,924,,3
21247,176329,900,,3
21248,176329,908,,3
21249,176329,969,,3
21250,176329,857,,3
21251,176329,862,,3
21252,176329,868,,3
21253,176329,875,,3
21254,176329,963,,3
21255,176329,908,,3
21256,176329,929,,3
21257,176329,902,,3
21259,176329,1111,,3
21260,176329,913,,3
21261,176329,876,,3
21262,176329,1054,0,2
21264,176329,908,0,2
21265,176329,862,0,2
21266,176329,914,0,2
21267,176329,1083,0,2
21268,176329,987,0,2
21270,176329,1005,0,2
21271,176329,900,0,2
21273,176329,995,1,1
21274,176329,875,1,1
21275,189382,871,0,2
21276,203452,901,,3
21280,205489,768,1,1
21282,205492,1068,1,1
21283,205492,984,1,1
21284,161183,925,0,2
21286,169231,827,0,2
21288,218562,795,0,2
21289,218562,940,0,2
21290,218562,955,0,2
21291,218562,951,0,2
21292,218562,945,0,2
21294,218562,940,1,1
21295,218562,1058,1,1
21297,209510,937,,3
21298,209510,924,,3
21299,209510,863,,3
21300,209510,880,,3
21301,209510,980,,3
21302,209510,859,,3
21303,209510,888,1,1
21304,209510,854,,3
21305,203457,864,1,1
21306,209510,842,0,2
21307,209510,870,0,2
21308,209510,895,0,2
21309,244806,1014,0,2
21310,244806,956,0,2
21311,244806,1019,0,2
21312,244806,997,0,2
21313,244806,897,0,2
21314,244806,882,0,2
21315,244806,851,0,2
21316,244806,928,0,2
21318,244806,1024,0,2
21319,244801,962,,3
21320,244708,820,0,2
21322,244801,849,,3
21323,244801,902,,3
21324,244801,885,,3
21325,244801,967,,3
21326,244755,974,0,2
21327,244755,858,0,2
21328,244755,972,0,2
21329,244755,939,0,2
21331,244801,834,0,2
21332,244801,934,0,2
21333,244801,864,0,2
21334,244801,841,1,1
21335,244806,927,1,1
21336,230612,950,0,2
21337,230612,1048,0,2
21339,205489,899,0,2
21340,205492,1094,1,1
21341,203457,886,,3
21342,203452,914,1,1
21345,161183,856,,3
21346,161183,899,,3
21347,161183,858,0,2
21348,261927,1033,0,2
21349,264945,901,,3
21350,168211,876,,3
21352,225585,879,0,2
21353,168211,917,0,2
21354,168211,872,,3
21355,168211,973,,3
21356,218562,1076,1,1
21357,218562,954,0,2
21358,216536,936,0,2
21362,244776,903,0,2
21363,244776,853,1,1
21364,244774,851,,3
21365,244774,873,,3
21366,244755,954,1,1
21368,244697,870,1,1
21369,244697,868,,3
21370,244806,971,0,2
21371,259915,984,,3
21374,221571,889,1,1
21375,259915,890,,3
21376,208501,936,,3
21377,264945,975,,3
21378,189396,927,,3
21380,225585,885,1,1
21381,169219,1054,,3
21382,169229,847,0,2
21383,169219,1006,,3
21384,253888,955,1,1
21385,257899,889,1,1
21386,262937,968,,3
21387,168211,989,,3
21389,123056,929,,3
21390,244839,935,,3
21391,161183,931,0,2
21392,166203,868,0,2
21395,189382,891,0,2
21396,244818,948,1,1
21397,193422,1056,,3
21398,253888,848,1,1
21399,165199,961,1,1
21400,262937,933,0,2
21401,234628,890,,3
21402,244697,869,,3
21403,164198,878,0,2
21406,193422,931,0,2
21408,201449,1031,,3
21409,201449,1072,1,1
21412,189378,826,,3
21414,130085,888,1,1
21416,262937,1167,,3
21417,225585,861,0,2
21418,212522,882,1,1
21421,264945,1001,,3
21422,209510,944,,3
21423,189378,1164,,3
21424,162184,889,,3
21425,173312,989,1,1
21426,257899,877,1,1
21427,205488,870,,3
21428,212522,873,,3
21429,168211,997,,3
21430,128068,996,,3
21431,168214,842,,3
21433,209510,949,,3
21434,230612,956,,3
21435,244801,867,0,2
21436,215533,961,1,1
21438,170295,995,,3
21439,189382,936,,3
21440,262937,1021,0,2
21441,234628,846,,3
21442,162184,826,,3
21444,253888,875,0,2
21445,203457,879,1,1
21449,264945,979,1,1
21450,189382,921,1,1
21451,209510,834,0,2
21453,128076,924,0,2
21454,165199,848,,3
21457,234628,991,1,1
21460,164198,981,0,2
21461,264945,920,0,2
21463,168214,887,1,1
21464,201449,837,,3
21465,212522,890,,3
21466,189378,847,,3
21468,209510,857,1,1
21469,130085,1019,1,1
21470,169219,969,,3
21472,216536,903,1,1
21473,262937,907,,3
21475,244818,857,0,2
21477,205489,853,1,1
21478,203452,912,,3
21479,164198,841,,3
21480,257905,956,0,2
21481,128076,890,1,1
21482,193423,915,0,2
21483,205491,880,0,2
21484,234628,938,,3
21485,221571,635,0,2
21486,191411,973,,3
21487,257905,845,,3
21489,257899,870,0,2
21493,193423,901,,3
21494,169280,968,,3
21495,169229,785,0,2
21496,234628,990,0,2
21498,123056,875,,3
21500,180344,874,0,2
21501,166203,976,0,2
21502,264945,939,,3
21504,165199,956,,3
21505,234628,913,1,1
21506,112038,863,,3
21507,128079,823,,3
21526,169229,849,1,1
21558,159171,880,,3
21560,215533,832,1,1
21561,215533,820,1,1
21562,244776,943,1,1
21563,244708,857,1,1
21565,180344,931,,3
21566,244818,862,0,2
21570,244728,873,,3
21571,244745,931,0,2
21572,244746,936,0,2
21573,244746,882,0,2
21574,244746,943,1,1
21576,244801,834,0,2
21578,244806,1007,0,2
21579,257899,921,1,1
21580,257899,881,1,1
